Date,From,To,Stage,Area,,,,,,,
1,0:00,2:30,1,,,,,,,,
1,0:00,2:30,2,"K7, P1",,,,,,,
1,0:00,2:30,3,,,,,,,,
1,0:00,2:30,4,,,,,,,,
1,0:00,2:30,5,K3,,,,,,,
1,0:00,2:30,6,K6,,,,,,,
1,0:00,2:30,7,,,,,,,,
1,0:00,2:30,8,,,,,,,,
1,2:00,4:30,1,,,,,,,,
1,2:00,4:30,2,"K7, P1",,,,,,,
1,2:00,4:30,3,,,,,,,,
1,2:00,4:30,4,,,,,,,,
1,2:00,4:30,5,,,,,,,,
1,2:00,4:30,6,,,,,,,,
1,2:00,4:30,7,,,,,,,,
1,2:00,4:30,8,,,,,,,,
1,4:00,6:30,1,K3,,,,,,,
1,4:00,6:30,2,K6,,,,,,,
1,4:00,6:30,3,,,,,,,,
1,4:00,6:30,4,,,,,,,,
1,4:00,6:30,5,,,,,,,,
1,4:00,6:30,6,,,,,,,,
1,4:00,6:30,7,,,,,,,,
1,4:00,6:30,8,,,,,,,,
1,6:00,8:30,1,K3,,,,,,,
1,6:00,8:30,2,K6,,,,,,,
1,6:00,8:30,3,,,,,,,,
1,6:00,8:30,4,,,,,,,,
1,6:00,8:30,5,,,,,,,,
1,6:00,8:30,6,"K2, K4, K5",,,,,,,
1,6:00,8:30,7,K1,,,,,,,
1,6:00,8:30,8,,,,,,,,
1,8:00,10:30,1,,,,,,,,
1,8:00,10:30,2,,,,,,,,
1,8:00,10:30,3,,,,,,,,
1,8:00,10:30,4,,,,,,,,
1,8:00,10:30,5,,,,,,,,
1,8:00,10:30,6,"K2, K4, K5",,,,,,,
1,8:00,10:30,7,K1,,,,,,,
1,8:00,10:30,8,,,,,,,,
1,10:00,12:30,1,,,,,,,,
1,10:00,12:30,2,,,,,,,,
1,10:00,12:30,3,,,,,,,,
1,10:00,12:30,4,,,,,,,,
1,10:00,12:30,5,"K7, P1",,,,,,,
1,10:00,12:30,6,,,,,,,,
1,10:00,12:30,7,,,,,,,,
1,10:00,12:30,8,,,,,,,,
1,12:00,14:30,1,,,,,,,,
1,12:00,14:30,2,"K2, K4, K5",,,,,,,
1,12:00,14:30,3,K1,,,,,,,
1,12:00,14:30,4,,,,,,,,
1,12:00,14:30,5,"K7, P1",,,,,,,
1,12:00,14:30,6,,,,,,,,
1,12:00,14:30,7,,,,,,,,
1,12:00,14:30,8,,,,,,,,
1,14:00,16:30,1,,,,,,,,
1,14:00,16:30,2,"K2, K4, K5",,,,,,,
1,14:00,16:30,3,K1,,,,,,,
1,14:00,16:30,4,,,,,,,,
1,14:00,16:30,5,K6,,,,,,,
1,14:00,16:30,6,,,,,,,,
1,14:00,16:30,7,,,,,,,,
1,14:00,16:30,8,K3,,,,,,,
1,16:00,18:30,1,"K7, P1",,,,,,,
1,16:00,18:30,2,,,,,,,,
1,16:00,18:30,3,,,,,,,,
1,16:00,18:30,4,,,,,,,,
1,16:00,18:30,5,K6,,,,,,,
1,16:00,18:30,6,,,,,,,,
1,16:00,18:30,7,,,,,,,,
1,16:00,18:30,8,K3,,,,,,,
1,18:00,20:30,1,"K7, P1",,,,,,,
1,18:00,20:30,2,,,,,,,,
1,18:00,20:30,3,,,,,,,,
1,18:00,20:30,4,,,,,,,,
1,18:00,20:30,5,,,,,,,,
1,18:00,20:30,6,,,,,,,,
1,18:00,20:30,7,,,,,,,,
1,18:00,20:30,8,,,,,,,,
1,20:00,22:30,1,K6,,,,,,,
1,20:00,22:30,2,,,,,,,,
1,20:00,22:30,3,,,,,,,,
1,20:00,22:30,4,K3,,,,,,,
1,20:00,22:30,5,,,,,,,,
1,20:00,22:30,6,,,,,,,,
1,20:00,22:30,7,,,,,,,,
1,20:00,22:30,8,,,,,,,,
1,22:00,0:30,1,K6,,,,,,,
1,22:00,0:30,2,,,,,,,,
1,22:00,0:30,3,,,,,,,,
1,22:00,0:30,4,K3,,,,,,,
1,22:00,0:30,5,"K2, K4, K5",,,,,,,
1,22:00,0:30,6,K1,,,,,,,
1,22:00,0:30,7,,,,,,,,
1,22:00,0:30,8,,,,,,,,
2,0:00,2:30,1,,,,,,,,
2,0:00,2:30,2,,,,,,,,
2,0:00,2:30,3,,,,,,,,
2,0:00,2:30,4,,,,,,,,
2,0:00,2:30,5,"K2, K4, K5",,,,,,,
2,0:00,2:30,6,K1,,,,,,,
2,0:00,2:30,7,,,,,,,,
2,0:00,2:30,8,,,,,,,,
2,2:00,4:30,1,,,,,,,,
2,2:00,4:30,2,,,,,,,,
2,2:00,4:30,3,,,,,,,,
2,2:00,4:30,4,,,,,,,,
2,2:00,4:30,5,,,,,,,,
2,2:00,4:30,6,,,,,,,,
2,2:00,4:30,7,,,,,,,,
2,2:00,4:30,8,"K7, P1",,,,,,,
2,4:00,6:30,1,"K2, K4, K5",,,,,,,
2,4:00,6:30,2,K1,,,,,,,
2,4:00,6:30,3,,,,,,,,
2,4:00,6:30,4,,,,,,,,
2,4:00,6:30,5,,,,,,,,
2,4:00,6:30,6,,,,,,,,
2,4:00,6:30,7,,,,,,,,
2,4:00,6:30,8,"K7, P1",,,,,,,
2,6:00,8:30,1,"K2, K4, K5",,,,,,,
2,6:00,8:30,2,K1,,,,,,,
2,6:00,8:30,3,,,,,,,,
2,6:00,8:30,4,,,,,,,,
2,6:00,8:30,5,,,,,,,,
2,6:00,8:30,6,,,,,,,,
2,6:00,8:30,7,K3,,,,,,,
2,6:00,8:30,8,K6,,,,,,,
2,8:00,10:30,1,,,,,,,,
2,8:00,10:30,2,,,,,,,,
2,8:00,10:30,3,,,,,,,,
2,8:00,10:30,4,"K7, P1",,,,,,,
2,8:00,10:30,5,,,,,,,,
2,8:00,10:30,6,,,,,,,,
2,8:00,10:30,7,K3,,,,,,,
2,8:00,10:30,8,K6,,,,,,,
2,10:00,12:30,1,,,,,,,,
2,10:00,12:30,2,,,,,,,,
2,10:00,12:30,3,,,,,,,,
2,10:00,12:30,4,"K7, P1",,,,,,,
2,10:00,12:30,5,,,,,,,,
2,10:00,12:30,6,,,,,,,,
2,10:00,12:30,7,,,,,,,,
2,10:00,12:30,8,,,,,,,,
2,12:00,14:30,1,,,,,,,,
2,12:00,14:30,2,,,,,,,,
2,12:00,14:30,3,K3,,,,,,,
2,12:00,14:30,4,K6,,,,,,,
2,12:00,14:30,5,,,,,,,,
2,12:00,14:30,6,,,,,,,,
2,12:00,14:30,7,,,,,,,,
2,12:00,14:30,8,,,,,,,,
2,14:00,16:30,1,,,,,,,,
2,14:00,16:30,2,,,,,,,,
2,14:00,16:30,3,K3,,,,,,,
2,14:00,16:30,4,K6,,,,,,,
2,14:00,16:30,5,K1,,,,,,,
2,14:00,16:30,6,,,,,,,,
2,14:00,16:30,7,,,,,,,,
2,14:00,16:30,8,"K2, K4, K5",,,,,,,
2,16:00,18:30,1,,,,,,,,
2,16:00,18:30,2,,,,,,,,
2,16:00,18:30,3,,,,,,,,
2,16:00,18:30,4,,,,,,,,
2,16:00,18:30,5,K1,,,,,,,
2,16:00,18:30,6,,,,,,,,
2,16:00,18:30,7,,,,,,,,
2,16:00,18:30,8,"K2, K4, K5",,,,,,,
2,18:00,20:30,1,,,,,,,,
2,18:00,20:30,2,,,,,,,,
2,18:00,20:30,3,,,,,,,,
2,18:00,20:30,4,,,,,,,,
2,18:00,20:30,5,,,,,,,,
2,18:00,20:30,6,,,,,,,,
2,18:00,20:30,7,"K7, P1",,,,,,,
2,18:00,20:30,8,,,,,,,,
2,20:00,22:30,1,K1,,,,,,,
2,20:00,22:30,2,,,,,,,,
2,20:00,22:30,3,,,,,,,,
2,20:00,22:30,4,"K2, K4, K5",,,,,,,
2,20:00,22:30,5,,,,,,,,
2,20:00,22:30,6,,,,,,,,
2,20:00,22:30,7,"K7, P1",,,,,,,
2,20:00,22:30,8,,,,,,,,
2,22:00,0:30,1,K1,,,,,,,
2,22:00,0:30,2,,,,,,,,
2,22:00,0:30,3,,,,,,,,
2,22:00,0:30,4,"K2, K4, K5",,,,,,,
2,22:00,0:30,5,,,,,,,,
2,22:00,0:30,6,K3,,,,,,,
2,22:00,0:30,7,K6,,,,,,,
2,22:00,0:30,8,,,,,,,,
3,0:00,2:30,1,,,,,,,,
3,0:00,2:30,2,,,,,,,,
3,0:00,2:30,3,"K7, P1",,,,,,,
3,0:00,2:30,4,,,,,,,,
3,0:00,2:30,5,,,,,,,,
3,0:00,2:30,6,K3,,,,,,,
3,0:00,2:30,7,K6,,,,,,,
3,0:00,2:30,8,,,,,,,,
3,2:00,4:30,1,,,,,,,,
3,2:00,4:30,2,,,,,,,,
3,2:00,4:30,3,"K7, P1",,,,,,,
3,2:00,4:30,4,,,,,,,,
3,2:00,4:30,5,,,,,,,,
3,2:00,4:30,6,,,,,,,,
3,2:00,4:30,7,,,,,,,,
3,2:00,4:30,8,,,,,,,,
3,4:00,6:30,1,,,,,,,,
3,4:00,6:30,2,K3,,,,,,,
3,4:00,6:30,3,K6,,,,,,,
3,4:00,6:30,4,,,,,,,,
3,4:00,6:30,5,,,,,,,,
3,4:00,6:30,6,,,,,,,,
3,4:00,6:30,7,,,,,,,,
3,4:00,6:30,8,,,,,,,,
3,6:00,8:30,1,,,,,,,,
3,6:00,8:30,2,K3,,,,,,,
3,6:00,8:30,3,K6,,,,,,,
3,6:00,8:30,4,,,,,,,,
3,6:00,8:30,5,,,,,,,,
3,6:00,8:30,6,,,,,,,,
3,6:00,8:30,7,"K2, K4, K5",,,,,,,
3,6:00,8:30,8,K1,,,,,,,
3,8:00,10:30,1,,,,,,,,
3,8:00,10:30,2,,,,,,,,
3,8:00,10:30,3,,,,,,,,
3,8:00,10:30,4,,,,,,,,
3,8:00,10:30,5,,,,,,,,
3,8:00,10:30,6,,,,,,,,
3,8:00,10:30,7,"K2, K4, K5",,,,,,,
3,8:00,10:30,8,K1,,,,,,,
3,10:00,12:30,1,,,,,,,,
3,10:00,12:30,2,,,,,,,,
3,10:00,12:30,3,,,,,,,,
3,10:00,12:30,4,,,,,,,,
3,10:00,12:30,5,,,,,,,,
3,10:00,12:30,6,"K7, P1",,,,,,,
3,10:00,12:30,7,,,,,,,,
3,10:00,12:30,8,,,,,,,,
3,12:00,14:30,1,,,,,,,,
3,12:00,14:30,2,,,,,,,,
3,12:00,14:30,3,"K2, K4, K5",,,,,,,
3,12:00,14:30,4,K1,,,,,,,
3,12:00,14:30,5,,,,,,,,
3,12:00,14:30,6,"K7, P1",,,,,,,
3,12:00,14:30,7,,,,,,,,
3,12:00,14:30,8,,,,,,,,
3,14:00,16:30,1,,,,,,,,
3,14:00,16:30,2,,,,,,,,
3,14:00,16:30,3,"K2, K4, K5",,,,,,,
3,14:00,16:30,4,K1,,,,,,,
3,14:00,16:30,5,K3,,,,,,,
3,14:00,16:30,6,K6,,,,,,,
3,14:00,16:30,7,,,,,,,,
3,14:00,16:30,8,,,,,,,,
3,16:00,18:30,1,,,,,,,,
3,16:00,18:30,2,"K7, P1",,,,,,,
3,16:00,18:30,3,,,,,,,,
3,16:00,18:30,4,,,,,,,,
3,16:00,18:30,5,K3,,,,,,,
3,16:00,18:30,6,K6,,,,,,,
3,16:00,18:30,7,,,,,,,,
3,16:00,18:30,8,,,,,,,,
3,18:00,20:30,1,,,,,,,,
3,18:00,20:30,2,"K7, P1",,,,,,,
3,18:00,20:30,3,,,,,,,,
3,18:00,20:30,4,,,,,,,,
3,18:00,20:30,5,,,,,,,,
3,18:00,20:30,6,,,,,,,,
3,18:00,20:30,7,,,,,,,,
3,18:00,20:30,8,,,,,,,,
3,20:00,22:30,1,K3,,,,,,,
3,20:00,22:30,2,K6,,,,,,,
3,20:00,22:30,3,,,,,,,,
3,20:00,22:30,4,,,,,,,,
3,20:00,22:30,5,,,,,,,,
3,20:00,22:30,6,,,,,,,,
3,20:00,22:30,7,,,,,,,,
3,20:00,22:30,8,,,,,,,,
3,22:00,0:30,1,K3,,,,,,,
3,22:00,0:30,2,K6,,,,,,,
3,22:00,0:30,3,,,,,,,,
3,22:00,0:30,4,,,,,,,,
3,22:00,0:30,5,,,,,,,,
3,22:00,0:30,6,"K2, K4, K5",,,,,,,
3,22:00,0:30,7,K1,,,,,,,
3,22:00,0:30,8,,,,,,,,
4,0:00,2:30,1,,,,,,,,
4,0:00,2:30,2,,,,,,,,
4,0:00,2:30,3,,,,,,,,
4,0:00,2:30,4,,,,,,,,
4,0:00,2:30,5,,,,,,,,
4,0:00,2:30,6,"K2, K4, K5",,,,,,,
4,0:00,2:30,7,K1,,,,,,,
4,0:00,2:30,8,,,,,,,,
4,2:00,4:30,1,,,,,,,,
4,2:00,4:30,2,,,,,,,,
4,2:00,4:30,3,,,,,,,,
4,2:00,4:30,4,,,,,,,,
4,2:00,4:30,5,"K7, P1",,,,,,,
4,2:00,4:30,6,,,,,,,,
4,2:00,4:30,7,,,,,,,,
4,2:00,4:30,8,,,,,,,,
4,4:00,6:30,1,,,,,,,,
4,4:00,6:30,2,"K2, K4, K5",,,,,,,
4,4:00,6:30,3,K1,,,,,,,
4,4:00,6:30,4,,,,,,,,
4,4:00,6:30,5,"K7, P1",,,,,,,
4,4:00,6:30,6,,,,,,,,
4,4:00,6:30,7,,,,,,,,
4,4:00,6:30,8,,,,,,,,
4,6:00,8:30,1,,,,,,,,
4,6:00,8:30,2,"K2, K4, K5",,,,,,,
4,6:00,8:30,3,K1,,,,,,,
4,6:00,8:30,4,,,,,,,,
4,6:00,8:30,5,K6,,,,,,,
4,6:00,8:30,6,,,,,,,,
4,6:00,8:30,7,,,,,,,,
4,6:00,8:30,8,K3,,,,,,,
4,8:00,10:30,1,"K7, P1",,,,,,,
4,8:00,10:30,2,,,,,,,,
4,8:00,10:30,3,,,,,,,,
4,8:00,10:30,4,,,,,,,,
4,8:00,10:30,5,K6,,,,,,,
4,8:00,10:30,6,,,,,,,,
4,8:00,10:30,7,,,,,,,,
4,8:00,10:30,8,K3,,,,,,,
4,10:00,12:30,1,"K7, P1",,,,,,,
4,10:00,12:30,2,,,,,,,,
4,10:00,12:30,3,,,,,,,,
4,10:00,12:30,4,,,,,,,,
4,10:00,12:30,5,,,,,,,,
4,10:00,12:30,6,,,,,,,,
4,10:00,12:30,7,,,,,,,,
4,10:00,12:30,8,,,,,,,,
4,12:00,14:30,1,K6,,,,,,,
4,12:00,14:30,2,,,,,,,,
4,12:00,14:30,3,,,,,,,,
4,12:00,14:30,4,K3,,,,,,,
4,12:00,14:30,5,,,,,,,,
4,12:00,14:30,6,,,,,,,,
4,12:00,14:30,7,,,,,,,,
4,12:00,14:30,8,,,,,,,,
4,14:00,16:30,1,K6,,,,,,,
4,14:00,16:30,2,,,,,,,,
4,14:00,16:30,3,,,,,,,,
4,14:00,16:30,4,K3,,,,,,,
4,14:00,16:30,5,"K2, K4, K5",,,,,,,
4,14:00,16:30,6,K1,,,,,,,
4,14:00,16:30,7,,,,,,,,
4,14:00,16:30,8,,,,,,,,
4,16:00,18:30,1,,,,,,,,
4,16:00,18:30,2,,,,,,,,
4,16:00,18:30,3,,,,,,,,
4,16:00,18:30,4,,,,,,,,
4,16:00,18:30,5,"K2, K4, K5",,,,,,,
4,16:00,18:30,6,K1,,,,,,,
4,16:00,18:30,7,,,,,,,,
4,16:00,18:30,8,,,,,,,,
4,18:00,20:30,1,,,,,,,,
4,18:00,20:30,2,,,,,,,,
4,18:00,20:30,3,,,,,,,,
4,18:00,20:30,4,,,,,,,,
4,18:00,20:30,5,,,,,,,,
4,18:00,20:30,6,,,,,,,,
4,18:00,20:30,7,,,,,,,,
4,18:00,20:30,8,"K7, P1",,,,,,,
4,20:00,22:30,1,"K2, K4, K5",,,,,,,
4,20:00,22:30,2,K1,,,,,,,
4,20:00,22:30,3,,,,,,,,
4,20:00,22:30,4,,,,,,,,
4,20:00,22:30,5,,,,,,,,
4,20:00,22:30,6,,,,,,,,
4,20:00,22:30,7,,,,,,,,
4,20:00,22:30,8,"K7, P1",,,,,,,
4,22:00,0:30,1,"K2, K4, K5",,,,,,,
4,22:00,0:30,2,K1,,,,,,,
4,22:00,0:30,3,,,,,,,,
4,22:00,0:30,4,,,,,,,,
4,22:00,0:30,5,,,,,,,,
4,22:00,0:30,6,,,,,,,,
4,22:00,0:30,7,K3,,,,,,,
4,22:00,0:30,8,K6,,,,,,,
5,0:00,2:30,1,,,,,,,,
5,0:00,2:30,2,,,,,,,,
5,0:00,2:30,3,,,,,,,,
5,0:00,2:30,4,"K7, P1",,,,,,,
5,0:00,2:30,5,,,,,,,,
5,0:00,2:30,6,,,,,,,,
5,0:00,2:30,7,K3,,,,,,,
5,0:00,2:30,8,K6,,,,,,,
5,2:00,4:30,1,,,,,,,,
5,2:00,4:30,2,,,,,,,,
5,2:00,4:30,3,,,,,,,,
5,2:00,4:30,4,"K7, P1",,,,,,,
5,2:00,4:30,5,,,,,,,,
5,2:00,4:30,6,,,,,,,,
5,2:00,4:30,7,,,,,,,,
5,2:00,4:30,8,,,,,,,,
5,4:00,6:30,1,,,,,,,,
5,4:00,6:30,2,,,,,,,,
5,4:00,6:30,3,K3,,,,,,,
5,4:00,6:30,4,K6,,,,,,,
5,4:00,6:30,5,,,,,,,,
5,4:00,6:30,6,,,,,,,,
5,4:00,6:30,7,,,,,,,,
5,4:00,6:30,8,,,,,,,,
5,6:00,8:30,1,,,,,,,,
5,6:00,8:30,2,,,,,,,,
5,6:00,8:30,3,K3,,,,,,,
5,6:00,8:30,4,K6,,,,,,,
5,6:00,8:30,5,K1,,,,,,,
5,6:00,8:30,6,,,,,,,,
5,6:00,8:30,7,,,,,,,,
5,6:00,8:30,8,"K2, K4, K5",,,,,,,
5,8:00,10:30,1,,,,,,,,
5,8:00,10:30,2,,,,,,,,
5,8:00,10:30,3,,,,,,,,
5,8:00,10:30,4,,,,,,,,
5,8:00,10:30,5,K1,,,,,,,
5,8:00,10:30,6,,,,,,,,
5,8:00,10:30,7,,,,,,,,
5,8:00,10:30,8,"K2, K4, K5",,,,,,,
5,10:00,12:30,1,,,,,,,,
5,10:00,12:30,2,,,,,,,,
5,10:00,12:30,3,,,,,,,,
5,10:00,12:30,4,,,,,,,,
5,10:00,12:30,5,,,,,,,,
5,10:00,12:30,6,,,,,,,,
5,10:00,12:30,7,"K7, P1",,,,,,,
5,10:00,12:30,8,,,,,,,,
5,12:00,14:30,1,K1,,,,,,,
5,12:00,14:30,2,,,,,,,,
5,12:00,14:30,3,,,,,,,,
5,12:00,14:30,4,"K2, K4, K5",,,,,,,
5,12:00,14:30,5,,,,,,,,
5,12:00,14:30,6,,,,,,,,
5,12:00,14:30,7,"K7, P1",,,,,,,
5,12:00,14:30,8,,,,,,,,
5,14:00,16:30,1,K1,,,,,,,
5,14:00,16:30,2,,,,,,,,
5,14:00,16:30,3,,,,,,,,
5,14:00,16:30,4,"K2, K4, K5",,,,,,,
5,14:00,16:30,5,,,,,,,,
5,14:00,16:30,6,K3,,,,,,,
5,14:00,16:30,7,K6,,,,,,,
5,14:00,16:30,8,,,,,,,,
5,16:00,18:30,1,,,,,,,,
5,16:00,18:30,2,,,,,,,,
5,16:00,18:30,3,"K7, P1",,,,,,,
5,16:00,18:30,4,,,,,,,,
5,16:00,18:30,5,,,,,,,,
5,16:00,18:30,6,K3,,,,,,,
5,16:00,18:30,7,K6,,,,,,,
5,16:00,18:30,8,,,,,,,,
5,18:00,20:30,1,,,,,,,,
5,18:00,20:30,2,,,,,,,,
5,18:00,20:30,3,"K7, P1",,,,,,,
5,18:00,20:30,4,,,,,,,,
5,18:00,20:30,5,,,,,,,,
5,18:00,20:30,6,,,,,,,,
5,18:00,20:30,7,,,,,,,,
5,18:00,20:30,8,,,,,,,,
5,20:00,22:30,1,,,,,,,,
5,20:00,22:30,2,K3,,,,,,,
5,20:00,22:30,3,K6,,,,,,,
5,20:00,22:30,4,,,,,,,,
5,20:00,22:30,5,,,,,,,,
5,20:00,22:30,6,,,,,,,,
5,20:00,22:30,7,,,,,,,,
5,20:00,22:30,8,,,,,,,,
5,22:00,0:30,1,,,,,,,,
5,22:00,0:30,2,K3,,,,,,,
5,22:00,0:30,3,K6,,,,,,,
5,22:00,0:30,4,,,,,,,,
5,22:00,0:30,5,,,,,,,,
5,22:00,0:30,6,,,,,,,,
5,22:00,0:30,7,"K2, K4, K5",,,,,,,
5,22:00,0:30,8,K1,,,,,,,
6,0:00,2:30,1,,,,,,,,
6,0:00,2:30,2,,,,,,,,
6,0:00,2:30,3,,,,,,,,
6,0:00,2:30,4,,,,,,,,
6,0:00,2:30,5,,,,,,,,
6,0:00,2:30,6,,,,,,,,
6,0:00,2:30,7,"K2, K4, K5",,,,,,,
6,0:00,2:30,8,K1,,,,,,,
6,2:00,4:30,1,,,,,,,,
6,2:00,4:30,2,,,,,,,,
6,2:00,4:30,3,,,,,,,,
6,2:00,4:30,4,,,,,,,,
6,2:00,4:30,5,,,,,,,,
6,2:00,4:30,6,"K7, P1",,,,,,,
6,2:00,4:30,7,,,,,,,,
6,2:00,4:30,8,,,,,,,,
6,4:00,6:30,1,,,,,,,,
6,4:00,6:30,2,,,,,,,,
6,4:00,6:30,3,"K2, K4, K5",,,,,,,
6,4:00,6:30,4,K1,,,,,,,
6,4:00,6:30,5,,,,,,,,
6,4:00,6:30,6,"K7, P1",,,,,,,
6,4:00,6:30,7,,,,,,,,
6,4:00,6:30,8,,,,,,,,
6,6:00,8:30,1,,,,,,,,
6,6:00,8:30,2,,,,,,,,
6,6:00,8:30,3,"K2, K4, K5",,,,,,,
6,6:00,8:30,4,K1,,,,,,,
6,6:00,8:30,5,K3,,,,,,,
6,6:00,8:30,6,K6,,,,,,,
6,6:00,8:30,7,,,,,,,,
6,6:00,8:30,8,,,,,,,,
6,8:00,10:30,1,,,,,,,,
6,8:00,10:30,2,"K7, P1",,,,,,,
6,8:00,10:30,3,,,,,,,,
6,8:00,10:30,4,,,,,,,,
6,8:00,10:30,5,K3,,,,,,,
6,8:00,10:30,6,K6,,,,,,,
6,8:00,10:30,7,,,,,,,,
6,8:00,10:30,8,,,,,,,,
6,10:00,12:30,1,,,,,,,,
6,10:00,12:30,2,"K7, P1",,,,,,,
6,10:00,12:30,3,,,,,,,,
6,10:00,12:30,4,,,,,,,,
6,10:00,12:30,5,,,,,,,,
6,10:00,12:30,6,,,,,,,,
6,10:00,12:30,7,,,,,,,,
6,10:00,12:30,8,,,,,,,,
6,12:00,14:30,1,K3,,,,,,,
6,12:00,14:30,2,K6,,,,,,,
6,12:00,14:30,3,,,,,,,,
6,12:00,14:30,4,,,,,,,,
6,12:00,14:30,5,,,,,,,,
6,12:00,14:30,6,,,,,,,,
6,12:00,14:30,7,,,,,,,,
6,12:00,14:30,8,,,,,,,,
6,14:00,16:30,1,K3,,,,,,,
6,14:00,16:30,2,K6,,,,,,,
6,14:00,16:30,3,,,,,,,,
6,14:00,16:30,4,,,,,,,,
6,14:00,16:30,5,,,,,,,,
6,14:00,16:30,6,"K2, K4, K5",,,,,,,
6,14:00,16:30,7,K1,,,,,,,
6,14:00,16:30,8,,,,,,,,
6,16:00,18:30,1,,,,,,,,
6,16:00,18:30,2,,,,,,,,
6,16:00,18:30,3,,,,,,,,
6,16:00,18:30,4,,,,,,,,
6,16:00,18:30,5,,,,,,,,
6,16:00,18:30,6,"K2, K4, K5",,,,,,,
6,16:00,18:30,7,K1,,,,,,,
6,16:00,18:30,8,,,,,,,,
6,18:00,20:30,1,,,,,,,,
6,18:00,20:30,2,,,,,,,,
6,18:00,20:30,3,,,,,,,,
6,18:00,20:30,4,,,,,,,,
6,18:00,20:30,5,"K7, P1",,,,,,,
6,18:00,20:30,6,,,,,,,,
6,18:00,20:30,7,,,,,,,,
6,18:00,20:30,8,,,,,,,,
6,20:00,22:30,1,,,,,,,,
6,20:00,22:30,2,"K2, K4, K5",,,,,,,
6,20:00,22:30,3,K1,,,,,,,
6,20:00,22:30,4,,,,,,,,
6,20:00,22:30,5,"K7, P1",,,,,,,
6,20:00,22:30,6,,,,,,,,
6,20:00,22:30,7,,,,,,,,
6,20:00,22:30,8,,,,,,,,
6,22:00,0:30,1,,,,,,,,
6,22:00,0:30,2,"K2, K4, K5",,,,,,,
6,22:00,0:30,3,K1,,,,,,,
6,22:00,0:30,4,,,,,,,,
6,22:00,0:30,5,K6,,,,,,,
6,22:00,0:30,6,,,,,,,,
6,22:00,0:30,7,,,,,,,,
6,22:00,0:30,8,K3,,,,,,,
7,0:00,2:30,1,"K7, P1",,,,,,,
7,0:00,2:30,2,,,,,,,,
7,0:00,2:30,3,,,,,,,,
7,0:00,2:30,4,,,,,,,,
7,0:00,2:30,5,K6,,,,,,,
7,0:00,2:30,6,,,,,,,,
7,0:00,2:30,7,,,,,,,,
7,0:00,2:30,8,K3,,,,,,,
7,2:00,4:30,1,"K7, P1",,,,,,,
7,2:00,4:30,2,,,,,,,,
7,2:00,4:30,3,,,,,,,,
7,2:00,4:30,4,,,,,,,,
7,2:00,4:30,5,,,,,,,,
7,2:00,4:30,6,,,,,,,,
7,2:00,4:30,7,,,,,,,,
7,2:00,4:30,8,,,,,,,,
7,4:00,6:30,1,K6,,,,,,,
7,4:00,6:30,2,,,,,,,,
7,4:00,6:30,3,,,,,,,,
7,4:00,6:30,4,K3,,,,,,,
7,4:00,6:30,5,,,,,,,,
7,4:00,6:30,6,,,,,,,,
7,4:00,6:30,7,,,,,,,,
7,4:00,6:30,8,,,,,,,,
7,6:00,8:30,1,K6,,,,,,,
7,6:00,8:30,2,,,,,,,,
7,6:00,8:30,3,,,,,,,,
7,6:00,8:30,4,K3,,,,,,,
7,6:00,8:30,5,"K2, K4, K5",,,,,,,
7,6:00,8:30,6,K1,,,,,,,
7,6:00,8:30,7,,,,,,,,
7,6:00,8:30,8,,,,,,,,
7,8:00,10:30,1,,,,,,,,
7,8:00,10:30,2,,,,,,,,
7,8:00,10:30,3,,,,,,,,
7,8:00,10:30,4,,,,,,,,
7,8:00,10:30,5,"K2, K4, K5",,,,,,,
7,8:00,10:30,6,K1,,,,,,,
7,8:00,10:30,7,,,,,,,,
7,8:00,10:30,8,,,,,,,,
7,10:00,12:30,1,,,,,,,,
7,10:00,12:30,2,,,,,,,,
7,10:00,12:30,3,,,,,,,,
7,10:00,12:30,4,,,,,,,,
7,10:00,12:30,5,,,,,,,,
7,10:00,12:30,6,,,,,,,,
7,10:00,12:30,7,,,,,,,,
7,10:00,12:30,8,"K7, P1",,,,,,,
7,12:00,14:30,1,"K2, K4, K5",,,,,,,
7,12:00,14:30,2,K1,,,,,,,
7,12:00,14:30,3,,,,,,,,
7,12:00,14:30,4,,,,,,,,
7,12:00,14:30,5,,,,,,,,
7,12:00,14:30,6,,,,,,,,
7,12:00,14:30,7,,,,,,,,
7,12:00,14:30,8,"K7, P1",,,,,,,
7,14:00,16:30,1,"K2, K4, K5",,,,,,,
7,14:00,16:30,2,K1,,,,,,,
7,14:00,16:30,3,,,,,,,,
7,14:00,16:30,4,,,,,,,,
7,14:00,16:30,5,,,,,,,,
7,14:00,16:30,6,,,,,,,,
7,14:00,16:30,7,K3,,,,,,,
7,14:00,16:30,8,K6,,,,,,,
7,16:00,18:30,1,,,,,,,,
7,16:00,18:30,2,,,,,,,,
7,16:00,18:30,3,,,,,,,,
7,16:00,18:30,4,"K7, P1",,,,,,,
7,16:00,18:30,5,,,,,,,,
7,16:00,18:30,6,,,,,,,,
7,16:00,18:30,7,K3,,,,,,,
7,16:00,18:30,8,K6,,,,,,,
7,18:00,20:30,1,,,,,,,,
7,18:00,20:30,2,,,,,,,,
7,18:00,20:30,3,,,,,,,,
7,18:00,20:30,4,"K7, P1",,,,,,,
7,18:00,20:30,5,,,,,,,,
7,18:00,20:30,6,,,,,,,,
7,18:00,20:30,7,,,,,,,,
7,18:00,20:30,8,,,,,,,,
7,20:00,22:30,1,,,,,,,,
7,20:00,22:30,2,,,,,,,,
7,20:00,22:30,3,K3,,,,,,,
7,20:00,22:30,4,K6,,,,,,,
7,20:00,22:30,5,,,,,,,,
7,20:00,22:30,6,,,,,,,,
7,20:00,22:30,7,,,,,,,,
7,20:00,22:30,8,,,,,,,,
7,22:00,0:30,1,,,,,,,,
7,22:00,0:30,2,,,,,,,,
7,22:00,0:30,3,K3,,,,,,,
7,22:00,0:30,4,K6,,,,,,,
7,22:00,0:30,5,K1,,,,,,,
7,22:00,0:30,6,,,,,,,,
7,22:00,0:30,7,,,,,,,,
7,22:00,0:30,8,"K2, K4, K5",,,,,,,
8,0:00,2:30,1,,,,,,,,
8,0:00,2:30,2,,,,,,,,
8,0:00,2:30,3,,,,,,,,
8,0:00,2:30,4,,,,,,,,
8,0:00,2:30,5,K1,,,,,,,
8,0:00,2:30,6,,,,,,,,
8,0:00,2:30,7,,,,,,,,
8,0:00,2:30,8,"K2, K4, K5",,,,,,,
8,2:00,4:30,1,,,,,,,,
8,2:00,4:30,2,,,,,,,,
8,2:00,4:30,3,,,,,,,,
8,2:00,4:30,4,,,,,,,,
8,2:00,4:30,5,,,,,,,,
8,2:00,4:30,6,,,,,,,,
8,2:00,4:30,7,"K7, P1",,,,,,,
8,2:00,4:30,8,,,,,,,,
8,4:00,6:30,1,K1,,,,,,,
8,4:00,6:30,2,,,,,,,,
8,4:00,6:30,3,,,,,,,,
8,4:00,6:30,4,"K2, K4, K5",,,,,,,
8,4:00,6:30,5,,,,,,,,
8,4:00,6:30,6,,,,,,,,
8,4:00,6:30,7,"K7, P1",,,,,,,
8,4:00,6:30,8,,,,,,,,
8,6:00,8:30,1,K1,,,,,,,
8,6:00,8:30,2,,,,,,,,
8,6:00,8:30,3,,,,,,,,
8,6:00,8:30,4,"K2, K4, K5",,,,,,,
8,6:00,8:30,5,,,,,,,,
8,6:00,8:30,6,K3,,,,,,,
8,6:00,8:30,7,K6,,,,,,,
8,6:00,8:30,8,,,,,,,,
8,8:00,10:30,1,,,,,,,,
8,8:00,10:30,2,,,,,,,,
8,8:00,10:30,3,"K7, P1",,,,,,,
8,8:00,10:30,4,,,,,,,,
8,8:00,10:30,5,,,,,,,,
8,8:00,10:30,6,K3,,,,,,,
8,8:00,10:30,7,K6,,,,,,,
8,8:00,10:30,8,,,,,,,,
8,10:00,12:30,1,,,,,,,,
8,10:00,12:30,2,,,,,,,,
8,10:00,12:30,3,"K7, P1",,,,,,,
8,10:00,12:30,4,,,,,,,,
8,10:00,12:30,5,,,,,,,,
8,10:00,12:30,6,,,,,,,,
8,10:00,12:30,7,,,,,,,,
8,10:00,12:30,8,,,,,,,,
8,12:00,14:30,1,,,,,,,,
8,12:00,14:30,2,K3,,,,,,,
8,12:00,14:30,3,K6,,,,,,,
8,12:00,14:30,4,,,,,,,,
8,12:00,14:30,5,,,,,,,,
8,12:00,14:30,6,,,,,,,,
8,12:00,14:30,7,,,,,,,,
8,12:00,14:30,8,,,,,,,,
8,14:00,16:30,1,,,,,,,,
8,14:00,16:30,2,K3,,,,,,,
8,14:00,16:30,3,K6,,,,,,,
8,14:00,16:30,4,,,,,,,,
8,14:00,16:30,5,,,,,,,,
8,14:00,16:30,6,,,,,,,,
8,14:00,16:30,7,"K2, K4, K5",,,,,,,
8,14:00,16:30,8,K1,,,,,,,
8,16:00,18:30,1,,,,,,,,
8,16:00,18:30,2,,,,,,,,
8,16:00,18:30,3,,,,,,,,
8,16:00,18:30,4,,,,,,,,
8,16:00,18:30,5,,,,,,,,
8,16:00,18:30,6,,,,,,,,
8,16:00,18:30,7,"K2, K4, K5",,,,,,,
8,16:00,18:30,8,K1,,,,,,,
8,18:00,20:30,1,,,,,,,,
8,18:00,20:30,2,,,,,,,,
8,18:00,20:30,3,,,,,,,,
8,18:00,20:30,4,,,,,,,,
8,18:00,20:30,5,K3,,,,,,,
8,18:00,20:30,6,K6,,,,,,,
8,18:00,20:30,7,,,,,,,,
8,18:00,20:30,8,,,,,,,,
8,20:00,22:30,1,,,,,,,,
8,20:00,22:30,2,,,,,,,,
8,20:00,22:30,3,"K2, K4, K5",,,,,,,
8,20:00,22:30,4,K1,,,,,,,
8,20:00,22:30,5,K3,,,,,,,
8,20:00,22:30,6,K6,,,,,,,
8,20:00,22:30,7,,,,,,,,
8,20:00,22:30,8,,,,,,,,
8,22:00,0:30,1,,,,,,,,
8,22:00,0:30,2,,,,,,,,
8,22:00,0:30,3,"K2, K4, K5",,,,,,,
8,22:00,0:30,4,K1,,,,,,,
8,22:00,0:30,5,,,,,,,,
8,22:00,0:30,6,,,,,,,,
8,22:00,0:30,7,,,,,,,,
8,22:00,0:30,8,,,,,,,,
9,0:00,2:30,1,K3,,,,,,,
9,0:00,2:30,2,K6,,,,,,,
9,0:00,2:30,3,,,,,,,,
9,0:00,2:30,4,,,,,,,,
9,0:00,2:30,5,,,,,,,,
9,0:00,2:30,6,,,,,,,,
9,0:00,2:30,7,,,,,,,,
9,0:00,2:30,8,,,,,,,,
9,2:00,4:30,1,K3,,,,,,,
9,2:00,4:30,2,K6,,,,,,,
9,2:00,4:30,3,,,,,,,,
9,2:00,4:30,4,,,,,,,,
9,2:00,4:30,5,,,,,,,,
9,2:00,4:30,6,"K2, K4, K5",,,,,,,
9,2:00,4:30,7,K1,,,,,,,
9,2:00,4:30,8,,,,,,,,
9,4:00,6:30,1,,,,,,,,
9,4:00,6:30,2,,,,,,,,
9,4:00,6:30,3,,,,,,,,
9,4:00,6:30,4,,,,,,,,
9,4:00,6:30,5,,,,,,,,
9,4:00,6:30,6,"K2, K4, K5",,,,,,,
9,4:00,6:30,7,K1,,,,,,,
9,4:00,6:30,8,,,,,,,,
9,6:00,8:30,1,,,,,,,,
9,6:00,8:30,2,,,,,,,,
9,6:00,8:30,3,,,,,,,,
9,6:00,8:30,4,,,,,,,,
9,6:00,8:30,5,"K7, P1",,,,,,,
9,6:00,8:30,6,,,,,,,,
9,6:00,8:30,7,,,,,,,,
9,6:00,8:30,8,,,,,,,,
9,8:00,10:30,1,,,,,,,,
9,8:00,10:30,2,"K2, K4, K5",,,,,,,
9,8:00,10:30,3,K1,,,,,,,
9,8:00,10:30,4,,,,,,,,
9,8:00,10:30,5,"K7, P1",,,,,,,
9,8:00,10:30,6,,,,,,,,
9,8:00,10:30,7,,,,,,,,
9,8:00,10:30,8,,,,,,,,
9,10:00,12:30,1,,,,,,,,
9,10:00,12:30,2,"K2, K4, K5",,,,,,,
9,10:00,12:30,3,K1,,,,,,,
9,10:00,12:30,4,,,,,,,,
9,10:00,12:30,5,K6,,,,,,,
9,10:00,12:30,6,,,,,,,,
9,10:00,12:30,7,,,,,,,,
9,10:00,12:30,8,K3,,,,,,,
9,12:00,14:30,1,"K7, P1",,,,,,,
9,12:00,14:30,2,,,,,,,,
9,12:00,14:30,3,,,,,,,,
9,12:00,14:30,4,,,,,,,,
9,12:00,14:30,5,K6,,,,,,,
9,12:00,14:30,6,,,,,,,,
9,12:00,14:30,7,,,,,,,,
9,12:00,14:30,8,K3,,,,,,,
9,14:00,16:30,1,"K7, P1",,,,,,,
9,14:00,16:30,2,,,,,,,,
9,14:00,16:30,3,,,,,,,,
9,14:00,16:30,4,,,,,,,,
9,14:00,16:30,5,,,,,,,,
9,14:00,16:30,6,,,,,,,,
9,14:00,16:30,7,,,,,,,,
9,14:00,16:30,8,,,,,,,,
9,16:00,18:30,1,K6,,,,,,,
9,16:00,18:30,2,,,,,,,,
9,16:00,18:30,3,,,,,,,,
9,16:00,18:30,4,K3,,,,,,,
9,16:00,18:30,5,,,,,,,,
9,16:00,18:30,6,,,,,,,,
9,16:00,18:30,7,,,,,,,,
9,16:00,18:30,8,,,,,,,,
9,18:00,20:30,1,K6,,,,,,,
9,18:00,20:30,2,,,,,,,,
9,18:00,20:30,3,,,,,,,,
9,18:00,20:30,4,K3,,,,,,,
9,18:00,20:30,5,"K2, K4, K5",,,,,,,
9,18:00,20:30,6,K1,,,,,,,
9,18:00,20:30,7,,,,,,,,
9,18:00,20:30,8,,,,,,,,
9,20:00,22:30,1,,,,,,,,
9,20:00,22:30,2,,,,,,,,
9,20:00,22:30,3,,,,,,,,
9,20:00,22:30,4,,,,,,,,
9,20:00,22:30,5,"K2, K4, K5",,,,,,,
9,20:00,22:30,6,K1,,,,,,,
9,20:00,22:30,7,,,,,,,,
9,20:00,22:30,8,,,,,,,,
9,22:00,0:30,1,,,,,,,,
9,22:00,0:30,2,,,,,,,,
9,22:00,0:30,3,,,,,,,,
9,22:00,0:30,4,,,,,,,,
9,22:00,0:30,5,,,,,,,,
9,22:00,0:30,6,,,,,,,,
9,22:00,0:30,7,,,,,,,,
9,22:00,0:30,8,"K7, P1",,,,,,,
10,0:00,2:30,1,"K2, K4, K5",,,,,,,
10,0:00,2:30,2,K1,,,,,,,
10,0:00,2:30,3,,,,,,,,
10,0:00,2:30,4,,,,,,,,
10,0:00,2:30,5,,,,,,,,
10,0:00,2:30,6,,,,,,,,
10,0:00,2:30,7,,,,,,,,
10,0:00,2:30,8,"K7, P1",,,,,,,
10,2:00,4:30,1,"K2, K4, K5",,,,,,,
10,2:00,4:30,2,K1,,,,,,,
10,2:00,4:30,3,,,,,,,,
10,2:00,4:30,4,,,,,,,,
10,2:00,4:30,5,,,,,,,,
10,2:00,4:30,6,,,,,,,,
10,2:00,4:30,7,K3,,,,,,,
10,2:00,4:30,8,K6,,,,,,,
10,4:00,6:30,1,,,,,,,,
10,4:00,6:30,2,,,,,,,,
10,4:00,6:30,3,,,,,,,,
10,4:00,6:30,4,"K7, P1",,,,,,,
10,4:00,6:30,5,,,,,,,,
10,4:00,6:30,6,,,,,,,,
10,4:00,6:30,7,K3,,,,,,,
10,4:00,6:30,8,K6,,,,,,,
10,6:00,8:30,1,,,,,,,,
10,6:00,8:30,2,,,,,,,,
10,6:00,8:30,3,,,,,,,,
10,6:00,8:30,4,"K7, P1",,,,,,,
10,6:00,8:30,5,,,,,,,,
10,6:00,8:30,6,,,,,,,,
10,6:00,8:30,7,,,,,,,,
10,6:00,8:30,8,,,,,,,,
10,8:00,10:30,1,,,,,,,,
10,8:00,10:30,2,,,,,,,,
10,8:00,10:30,3,K3,,,,,,,
10,8:00,10:30,4,K6,,,,,,,
10,8:00,10:30,5,,,,,,,,
10,8:00,10:30,6,,,,,,,,
10,8:00,10:30,7,,,,,,,,
10,8:00,10:30,8,,,,,,,,
10,10:00,12:30,1,,,,,,,,
10,10:00,12:30,2,,,,,,,,
10,10:00,12:30,3,K3,,,,,,,
10,10:00,12:30,4,K6,,,,,,,
10,10:00,12:30,5,K1,,,,,,,
10,10:00,12:30,6,,,,,,,,
10,10:00,12:30,7,,,,,,,,
10,10:00,12:30,8,"K2, K4, K5",,,,,,,
10,12:00,14:30,1,,,,,,,,
10,12:00,14:30,2,,,,,,,,
10,12:00,14:30,3,,,,,,,,
10,12:00,14:30,4,,,,,,,,
10,12:00,14:30,5,K1,,,,,,,
10,12:00,14:30,6,,,,,,,,
10,12:00,14:30,7,,,,,,,,
10,12:00,14:30,8,"K2, K4, K5",,,,,,,
10,14:00,16:30,1,,,,,,,,
10,14:00,16:30,2,,,,,,,,
10,14:00,16:30,3,,,,,,,,
10,14:00,16:30,4,,,,,,,,
10,14:00,16:30,5,,,,,,,,
10,14:00,16:30,6,,,,,,,,
10,14:00,16:30,7,"K7, P1",,,,,,,
10,14:00,16:30,8,,,,,,,,
10,16:00,18:30,1,K1,,,,,,,
10,16:00,18:30,2,,,,,,,,
10,16:00,18:30,3,,,,,,,,
10,16:00,18:30,4,"K2, K4, K5",,,,,,,
10,16:00,18:30,5,,,,,,,,
10,16:00,18:30,6,,,,,,,,
10,16:00,18:30,7,"K7, P1",,,,,,,
10,16:00,18:30,8,,,,,,,,
10,18:00,20:30,1,K1,,,,,,,
10,18:00,20:30,2,,,,,,,,
10,18:00,20:30,3,,,,,,,,
10,18:00,20:30,4,"K2, K4, K5",,,,,,,
10,18:00,20:30,5,,,,,,,,
10,18:00,20:30,6,K3,,,,,,,
10,18:00,20:30,7,K6,,,,,,,
10,18:00,20:30,8,,,,,,,,
10,20:00,22:30,1,,,,,,,,
10,20:00,22:30,2,,,,,,,,
10,20:00,22:30,3,"K7, P1",,,,,,,
10,20:00,22:30,4,,,,,,,,
10,20:00,22:30,5,,,,,,,,
10,20:00,22:30,6,K3,,,,,,,
10,20:00,22:30,7,K6,,,,,,,
10,20:00,22:30,8,,,,,,,,
10,22:00,0:30,1,,,,,,,,
10,22:00,0:30,2,,,,,,,,
10,22:00,0:30,3,"K7, P1",,,,,,,
10,22:00,0:30,4,,,,,,,,
10,22:00,0:30,5,,,,,,,,
10,22:00,0:30,6,,,,,,,,
10,22:00,0:30,7,,,,,,,,
10,22:00,0:30,8,,,,,,,,
11,0:00,2:30,1,,,,,,,,
11,0:00,2:30,2,K3,,,,,,,
11,0:00,2:30,3,K6,,,,,,,
11,0:00,2:30,4,,,,,,,,
11,0:00,2:30,5,,,,,,,,
11,0:00,2:30,6,,,,,,,,
11,0:00,2:30,7,,,,,,,,
11,0:00,2:30,8,,,,,,,,
11,2:00,4:30,1,,,,,,,,
11,2:00,4:30,2,K3,,,,,,,
11,2:00,4:30,3,K6,,,,,,,
11,2:00,4:30,4,,,,,,,,
11,2:00,4:30,5,,,,,,,,
11,2:00,4:30,6,,,,,,,,
11,2:00,4:30,7,"K2, K4, K5",,,,,,,
11,2:00,4:30,8,K1,,,,,,,
11,4:00,6:30,1,,,,,,,,
11,4:00,6:30,2,,,,,,,,
11,4:00,6:30,3,,,,,,,,
11,4:00,6:30,4,,,,,,,,
11,4:00,6:30,5,,,,,,,,
11,4:00,6:30,6,,,,,,,,
11,4:00,6:30,7,"K2, K4, K5",,,,,,,
11,4:00,6:30,8,K1,,,,,,,
11,6:00,8:30,1,,,,,,,,
11,6:00,8:30,2,,,,,,,,
11,6:00,8:30,3,,,,,,,,
11,6:00,8:30,4,,,,,,,,
11,6:00,8:30,5,,,,,,,,
11,6:00,8:30,6,"K7, P1",,,,,,,
11,6:00,8:30,7,,,,,,,,
11,6:00,8:30,8,,,,,,,,
11,8:00,10:30,1,,,,,,,,
11,8:00,10:30,2,,,,,,,,
11,8:00,10:30,3,"K2, K4, K5",,,,,,,
11,8:00,10:30,4,K1,,,,,,,
11,8:00,10:30,5,,,,,,,,
11,8:00,10:30,6,"K7, P1",,,,,,,
11,8:00,10:30,7,,,,,,,,
11,8:00,10:30,8,,,,,,,,
11,10:00,12:30,1,,,,,,,,
11,10:00,12:30,2,,,,,,,,
11,10:00,12:30,3,"K2, K4, K5",,,,,,,
11,10:00,12:30,4,K1,,,,,,,
11,10:00,12:30,5,K3,,,,,,,
11,10:00,12:30,6,K6,,,,,,,
11,10:00,12:30,7,,,,,,,,
11,10:00,12:30,8,,,,,,,,
11,12:00,14:30,1,,,,,,,,
11,12:00,14:30,2,"K7, P1",,,,,,,
11,12:00,14:30,3,,,,,,,,
11,12:00,14:30,4,,,,,,,,
11,12:00,14:30,5,K3,,,,,,,
11,12:00,14:30,6,K6,,,,,,,
11,12:00,14:30,7,,,,,,,,
11,12:00,14:30,8,,,,,,,,
11,14:00,16:30,1,,,,,,,,
11,14:00,16:30,2,"K7, P1",,,,,,,
11,14:00,16:30,3,,,,,,,,
11,14:00,16:30,4,,,,,,,,
11,14:00,16:30,5,,,,,,,,
11,14:00,16:30,6,,,,,,,,
11,14:00,16:30,7,,,,,,,,
11,14:00,16:30,8,,,,,,,,
11,16:00,18:30,1,K3,,,,,,,
11,16:00,18:30,2,K6,,,,,,,
11,16:00,18:30,3,,,,,,,,
11,16:00,18:30,4,,,,,,,,
11,16:00,18:30,5,,,,,,,,
11,16:00,18:30,6,,,,,,,,
11,16:00,18:30,7,,,,,,,,
11,16:00,18:30,8,,,,,,,,
11,18:00,20:30,1,K3,,,,,,,
11,18:00,20:30,2,K6,,,,,,,
11,18:00,20:30,3,,,,,,,,
11,18:00,20:30,4,,,,,,,,
11,18:00,20:30,5,,,,,,,,
11,18:00,20:30,6,"K2, K4, K5",,,,,,,
11,18:00,20:30,7,K1,,,,,,,
11,18:00,20:30,8,,,,,,,,
11,20:00,22:30,1,,,,,,,,
11,20:00,22:30,2,,,,,,,,
11,20:00,22:30,3,,,,,,,,
11,20:00,22:30,4,,,,,,,,
11,20:00,22:30,5,,,,,,,,
11,20:00,22:30,6,"K2, K4, K5",,,,,,,
11,20:00,22:30,7,K1,,,,,,,
11,20:00,22:30,8,,,,,,,,
11,22:00,0:30,1,,,,,,,,
11,22:00,0:30,2,,,,,,,,
11,22:00,0:30,3,,,,,,,,
11,22:00,0:30,4,,,,,,,,
11,22:00,0:30,5,"K7, P1",,,,,,,
11,22:00,0:30,6,,,,,,,,
11,22:00,0:30,7,,,,,,,,
11,22:00,0:30,8,,,,,,,,
12,0:00,2:30,1,,,,,,,,
12,0:00,2:30,2,"K2, K4, K5",,,,,,,
12,0:00,2:30,3,K1,,,,,,,
12,0:00,2:30,4,,,,,,,,
12,0:00,2:30,5,"K7, P1",,,,,,,
12,0:00,2:30,6,,,,,,,,
12,0:00,2:30,7,,,,,,,,
12,0:00,2:30,8,,,,,,,,
12,2:00,4:30,1,,,,,,,,
12,2:00,4:30,2,"K2, K4, K5",,,,,,,
12,2:00,4:30,3,K1,,,,,,,
12,2:00,4:30,4,,,,,,,,
12,2:00,4:30,5,K6,,,,,,,
12,2:00,4:30,6,,,,,,,,
12,2:00,4:30,7,,,,,,,,
12,2:00,4:30,8,K3,,,,,,,
12,4:00,6:30,1,"K7, P1",,,,,,,
12,4:00,6:30,2,,,,,,,,
12,4:00,6:30,3,,,,,,,,
12,4:00,6:30,4,,,,,,,,
12,4:00,6:30,5,K6,,,,,,,
12,4:00,6:30,6,,,,,,,,
12,4:00,6:30,7,,,,,,,,
12,4:00,6:30,8,K3,,,,,,,
12,6:00,8:30,1,"K7, P1",,,,,,,
12,6:00,8:30,2,,,,,,,,
12,6:00,8:30,3,,,,,,,,
12,6:00,8:30,4,,,,,,,,
12,6:00,8:30,5,,,,,,,,
12,6:00,8:30,6,,,,,,,,
12,6:00,8:30,7,,,,,,,,
12,6:00,8:30,8,,,,,,,,
12,8:00,10:30,1,K6,,,,,,,
12,8:00,10:30,2,,,,,,,,
12,8:00,10:30,3,,,,,,,,
12,8:00,10:30,4,K3,,,,,,,
12,8:00,10:30,5,,,,,,,,
12,8:00,10:30,6,,,,,,,,
12,8:00,10:30,7,,,,,,,,
12,8:00,10:30,8,,,,,,,,
12,10:00,12:30,1,K6,,,,,,,
12,10:00,12:30,2,,,,,,,,
12,10:00,12:30,3,,,,,,,,
12,10:00,12:30,4,K3,,,,,,,
12,10:00,12:30,5,"K2, K4, K5",,,,,,,
12,10:00,12:30,6,K1,,,,,,,
12,10:00,12:30,7,,,,,,,,
12,10:00,12:30,8,,,,,,,,
12,12:00,14:30,1,,,,,,,,
12,12:00,14:30,2,,,,,,,,
12,12:00,14:30,3,,,,,,,,
12,12:00,14:30,4,,,,,,,,
12,12:00,14:30,5,"K2, K4, K5",,,,,,,
12,12:00,14:30,6,K1,,,,,,,
12,12:00,14:30,7,,,,,,,,
12,12:00,14:30,8,,,,,,,,
12,14:00,16:30,1,,,,,,,,
12,14:00,16:30,2,,,,,,,,
12,14:00,16:30,3,,,,,,,,
12,14:00,16:30,4,,,,,,,,
12,14:00,16:30,5,,,,,,,,
12,14:00,16:30,6,,,,,,,,
12,14:00,16:30,7,,,,,,,,
12,14:00,16:30,8,"K7, P1",,,,,,,
12,16:00,18:30,1,"K2, K4, K5",,,,,,,
12,16:00,18:30,2,K1,,,,,,,
12,16:00,18:30,3,,,,,,,,
12,16:00,18:30,4,,,,,,,,
12,16:00,18:30,5,,,,,,,,
12,16:00,18:30,6,,,,,,,,
12,16:00,18:30,7,,,,,,,,
12,16:00,18:30,8,"K7, P1",,,,,,,
12,18:00,20:30,1,"K2, K4, K5",,,,,,,
12,18:00,20:30,2,K1,,,,,,,
12,18:00,20:30,3,,,,,,,,
12,18:00,20:30,4,,,,,,,,
12,18:00,20:30,5,,,,,,,,
12,18:00,20:30,6,,,,,,,,
12,18:00,20:30,7,K3,,,,,,,
12,18:00,20:30,8,K6,,,,,,,
12,20:00,22:30,1,,,,,,,,
12,20:00,22:30,2,,,,,,,,
12,20:00,22:30,3,,,,,,,,
12,20:00,22:30,4,"K7, P1",,,,,,,
12,20:00,22:30,5,,,,,,,,
12,20:00,22:30,6,,,,,,,,
12,20:00,22:30,7,K3,,,,,,,
12,20:00,22:30,8,K6,,,,,,,
12,22:00,0:30,1,,,,,,,,
12,22:00,0:30,2,,,,,,,,
12,22:00,0:30,3,,,,,,,,
12,22:00,0:30,4,"K7, P1",,,,,,,
12,22:00,0:30,5,,,,,,,,
12,22:00,0:30,6,,,,,,,,
12,22:00,0:30,7,,,,,,,,
12,22:00,0:30,8,,,,,,,,
13,0:00,2:30,1,,,,,,,,
13,0:00,2:30,2,,,,,,,,
13,0:00,2:30,3,K3,,,,,,,
13,0:00,2:30,4,K6,,,,,,,
13,0:00,2:30,5,,,,,,,,
13,0:00,2:30,6,,,,,,,,
13,0:00,2:30,7,,,,,,,,
13,0:00,2:30,8,,,,,,,,
13,2:00,4:30,1,,,,,,,,
13,2:00,4:30,2,,,,,,,,
13,2:00,4:30,3,K3,,,,,,,
13,2:00,4:30,4,K6,,,,,,,
13,2:00,4:30,5,K1,,,,,,,
13,2:00,4:30,6,,,,,,,,
13,2:00,4:30,7,,,,,,,,
13,2:00,4:30,8,"K2, K4, K5",,,,,,,
13,4:00,6:30,1,,,,,,,,
13,4:00,6:30,2,,,,,,,,
13,4:00,6:30,3,,,,,,,,
13,4:00,6:30,4,,,,,,,,
13,4:00,6:30,5,K1,,,,,,,
13,4:00,6:30,6,,,,,,,,
13,4:00,6:30,7,,,,,,,,
13,4:00,6:30,8,"K2, K4, K5",,,,,,,
13,6:00,8:30,1,,,,,,,,
13,6:00,8:30,2,,,,,,,,
13,6:00,8:30,3,,,,,,,,
13,6:00,8:30,4,,,,,,,,
13,6:00,8:30,5,,,,,,,,
13,6:00,8:30,6,,,,,,,,
13,6:00,8:30,7,"K7, P1",,,,,,,
13,6:00,8:30,8,,,,,,,,
13,8:00,10:30,1,K1,,,,,,,
13,8:00,10:30,2,,,,,,,,
13,8:00,10:30,3,,,,,,,,
13,8:00,10:30,4,"K2, K4, K5",,,,,,,
13,8:00,10:30,5,,,,,,,,
13,8:00,10:30,6,,,,,,,,
13,8:00,10:30,7,"K7, P1",,,,,,,
13,8:00,10:30,8,,,,,,,,
13,10:00,12:30,1,K1,,,,,,,
13,10:00,12:30,2,,,,,,,,
13,10:00,12:30,3,,,,,,,,
13,10:00,12:30,4,"K2, K4, K5",,,,,,,
13,10:00,12:30,5,,,,,,,,
13,10:00,12:30,6,K3,,,,,,,
13,10:00,12:30,7,K6,,,,,,,
13,10:00,12:30,8,,,,,,,,
13,12:00,14:30,1,,,,,,,,
13,12:00,14:30,2,,,,,,,,
13,12:00,14:30,3,"K7, P1",,,,,,,
13,12:00,14:30,4,,,,,,,,
13,12:00,14:30,5,,,,,,,,
13,12:00,14:30,6,K3,,,,,,,
13,12:00,14:30,7,K6,,,,,,,
13,12:00,14:30,8,,,,,,,,
13,14:00,16:30,1,,,,,,,,
13,14:00,16:30,2,,,,,,,,
13,14:00,16:30,3,"K7, P1",,,,,,,
13,14:00,16:30,4,,,,,,,,
13,14:00,16:30,5,,,,,,,,
13,14:00,16:30,6,,,,,,,,
13,14:00,16:30,7,,,,,,,,
13,14:00,16:30,8,,,,,,,,
13,16:00,18:30,1,,,,,,,,
13,16:00,18:30,2,K3,,,,,,,
13,16:00,18:30,3,K6,,,,,,,
13,16:00,18:30,4,,,,,,,,
13,16:00,18:30,5,,,,,,,,
13,16:00,18:30,6,,,,,,,,
13,16:00,18:30,7,,,,,,,,
13,16:00,18:30,8,,,,,,,,
13,18:00,20:30,1,,,,,,,,
13,18:00,20:30,2,K3,,,,,,,
13,18:00,20:30,3,K6,,,,,,,
13,18:00,20:30,4,,,,,,,,
13,18:00,20:30,5,,,,,,,,
13,18:00,20:30,6,,,,,,,,
13,18:00,20:30,7,"K2, K4, K5",,,,,,,
13,18:00,20:30,8,K1,,,,,,,
13,20:00,22:30,1,,,,,,,,
13,20:00,22:30,2,,,,,,,,
13,20:00,22:30,3,,,,,,,,
13,20:00,22:30,4,,,,,,,,
13,20:00,22:30,5,,,,,,,,
13,20:00,22:30,6,,,,,,,,
13,20:00,22:30,7,"K2, K4, K5",,,,,,,
13,20:00,22:30,8,K1,,,,,,,
13,22:00,0:30,1,,,,,,,,
13,22:00,0:30,2,,,,,,,,
13,22:00,0:30,3,,,,,,,,
13,22:00,0:30,4,,,,,,,,
13,22:00,0:30,5,,,,,,,,
13,22:00,0:30,6,"K7, P1",,,,,,,
13,22:00,0:30,7,,,,,,,,
13,22:00,0:30,8,,,,,,,,
14,0:00,2:30,1,,,,,,,,
14,0:00,2:30,2,,,,,,,,
14,0:00,2:30,3,"K2, K4, K5",,,,,,,
14,0:00,2:30,4,K1,,,,,,,
14,0:00,2:30,5,,,,,,,,
14,0:00,2:30,6,"K7, P1",,,,,,,
14,0:00,2:30,7,,,,,,,,
14,0:00,2:30,8,,,,,,,,
14,2:00,4:30,1,,,,,,,,
14,2:00,4:30,2,,,,,,,,
14,2:00,4:30,3,"K2, K4, K5",,,,,,,
14,2:00,4:30,4,K1,,,,,,,
14,2:00,4:30,5,K3,,,,,,,
14,2:00,4:30,6,K6,,,,,,,
14,2:00,4:30,7,,,,,,,,
14,2:00,4:30,8,,,,,,,,
14,4:00,6:30,1,,,,,,,,
14,4:00,6:30,2,"K7, P1",,,,,,,
14,4:00,6:30,3,,,,,,,,
14,4:00,6:30,4,,,,,,,,
14,4:00,6:30,5,K3,,,,,,,
14,4:00,6:30,6,K6,,,,,,,
14,4:00,6:30,7,,,,,,,,
14,4:00,6:30,8,,,,,,,,
14,6:00,8:30,1,,,,,,,,
14,6:00,8:30,2,"K7, P1",,,,,,,
14,6:00,8:30,3,,,,,,,,
14,6:00,8:30,4,,,,,,,,
14,6:00,8:30,5,,,,,,,,
14,6:00,8:30,6,,,,,,,,
14,6:00,8:30,7,,,,,,,,
14,6:00,8:30,8,,,,,,,,
14,8:00,10:30,1,K3,,,,,,,
14,8:00,10:30,2,K6,,,,,,,
14,8:00,10:30,3,,,,,,,,
14,8:00,10:30,4,,,,,,,,
14,8:00,10:30,5,,,,,,,,
14,8:00,10:30,6,,,,,,,,
14,8:00,10:30,7,,,,,,,,
14,8:00,10:30,8,,,,,,,,
14,10:00,12:30,1,K3,,,,,,,
14,10:00,12:30,2,K6,,,,,,,
14,10:00,12:30,3,,,,,,,,
14,10:00,12:30,4,,,,,,,,
14,10:00,12:30,5,,,,,,,,
14,10:00,12:30,6,"K2, K4, K5",,,,,,,
14,10:00,12:30,7,K1,,,,,,,
14,10:00,12:30,8,,,,,,,,
14,12:00,14:30,1,,,,,,,,
14,12:00,14:30,2,,,,,,,,
14,12:00,14:30,3,,,,,,,,
14,12:00,14:30,4,,,,,,,,
14,12:00,14:30,5,,,,,,,,
14,12:00,14:30,6,"K2, K4, K5",,,,,,,
14,12:00,14:30,7,K1,,,,,,,
14,12:00,14:30,8,,,,,,,,
14,14:00,16:30,1,,,,,,,,
14,14:00,16:30,2,,,,,,,,
14,14:00,16:30,3,,,,,,,,
14,14:00,16:30,4,,,,,,,,
14,14:00,16:30,5,"K7, P1",,,,,,,
14,14:00,16:30,6,,,,,,,,
14,14:00,16:30,7,,,,,,,,
14,14:00,16:30,8,,,,,,,,
14,16:00,18:30,1,,,,,,,,
14,16:00,18:30,2,"K2, K4, K5",,,,,,,
14,16:00,18:30,3,K1,,,,,,,
14,16:00,18:30,4,,,,,,,,
14,16:00,18:30,5,"K7, P1",,,,,,,
14,16:00,18:30,6,,,,,,,,
14,16:00,18:30,7,,,,,,,,
14,16:00,18:30,8,,,,,,,,
14,18:00,20:30,1,,,,,,,,
14,18:00,20:30,2,"K2, K4, K5",,,,,,,
14,18:00,20:30,3,K1,,,,,,,
14,18:00,20:30,4,,,,,,,,
14,18:00,20:30,5,K6,,,,,,,
14,18:00,20:30,6,,,,,,,,
14,18:00,20:30,7,,,,,,,,
14,18:00,20:30,8,K3,,,,,,,
14,20:00,22:30,1,"K7, P1",,,,,,,
14,20:00,22:30,2,,,,,,,,
14,20:00,22:30,3,,,,,,,,
14,20:00,22:30,4,,,,,,,,
14,20:00,22:30,5,K6,,,,,,,
14,20:00,22:30,6,,,,,,,,
14,20:00,22:30,7,,,,,,,,
14,20:00,22:30,8,K3,,,,,,,
14,22:00,0:30,1,"K7, P1",,,,,,,
14,22:00,0:30,2,,,,,,,,
14,22:00,0:30,3,,,,,,,,
14,22:00,0:30,4,,,,,,,,
14,22:00,0:30,5,,,,,,,,
14,22:00,0:30,6,,,,,,,,
14,22:00,0:30,7,,,,,,,,
14,22:00,0:30,8,,,,,,,,
15,0:00,2:30,1,K6,,,,,,,
15,0:00,2:30,2,,,,,,,,
15,0:00,2:30,3,,,,,,,,
15,0:00,2:30,4,K3,,,,,,,
15,0:00,2:30,5,,,,,,,,
15,0:00,2:30,6,,,,,,,,
15,0:00,2:30,7,,,,,,,,
15,0:00,2:30,8,,,,,,,,
15,2:00,4:30,1,K6,,,,,,,
15,2:00,4:30,2,,,,,,,,
15,2:00,4:30,3,,,,,,,,
15,2:00,4:30,4,K3,,,,,,,
15,2:00,4:30,5,"K2, K4, K5",,,,,,,
15,2:00,4:30,6,K1,,,,,,,
15,2:00,4:30,7,,,,,,,,
15,2:00,4:30,8,,,,,,,,
15,4:00,6:30,1,,,,,,,,
15,4:00,6:30,2,,,,,,,,
15,4:00,6:30,3,,,,,,,,
15,4:00,6:30,4,,,,,,,,
15,4:00,6:30,5,"K2, K4, K5",,,,,,,
15,4:00,6:30,6,K1,,,,,,,
15,4:00,6:30,7,,,,,,,,
15,4:00,6:30,8,,,,,,,,
15,6:00,8:30,1,,,,,,,,
15,6:00,8:30,2,,,,,,,,
15,6:00,8:30,3,,,,,,,,
15,6:00,8:30,4,,,,,,,,
15,6:00,8:30,5,,,,,,,,
15,6:00,8:30,6,,,,,,,,
15,6:00,8:30,7,,,,,,,,
15,6:00,8:30,8,"K7, P1",,,,,,,
15,8:00,10:30,1,"K2, K4, K5",,,,,,,
15,8:00,10:30,2,K1,,,,,,,
15,8:00,10:30,3,,,,,,,,
15,8:00,10:30,4,,,,,,,,
15,8:00,10:30,5,,,,,,,,
15,8:00,10:30,6,,,,,,,,
15,8:00,10:30,7,,,,,,,,
15,8:00,10:30,8,"K7, P1",,,,,,,
15,10:00,12:30,1,"K2, K4, K5",,,,,,,
15,10:00,12:30,2,K1,,,,,,,
15,10:00,12:30,3,,,,,,,,
15,10:00,12:30,4,,,,,,,,
15,10:00,12:30,5,,,,,,,,
15,10:00,12:30,6,,,,,,,,
15,10:00,12:30,7,K3,,,,,,,
15,10:00,12:30,8,K6,,,,,,,
15,12:00,14:30,1,,,,,,,,
15,12:00,14:30,2,,,,,,,,
15,12:00,14:30,3,,,,,,,,
15,12:00,14:30,4,"K7, P1",,,,,,,
15,12:00,14:30,5,,,,,,,,
15,12:00,14:30,6,,,,,,,,
15,12:00,14:30,7,K3,,,,,,,
15,12:00,14:30,8,K6,,,,,,,
15,14:00,16:30,1,,,,,,,,
15,14:00,16:30,2,,,,,,,,
15,14:00,16:30,3,,,,,,,,
15,14:00,16:30,4,"K7, P1",,,,,,,
15,14:00,16:30,5,,,,,,,,
15,14:00,16:30,6,,,,,,,,
15,14:00,16:30,7,,,,,,,,
15,14:00,16:30,8,,,,,,,,
15,16:00,18:30,1,,,,,,,,
15,16:00,18:30,2,,,,,,,,
15,16:00,18:30,3,K3,,,,,,,
15,16:00,18:30,4,K6,,,,,,,
15,16:00,18:30,5,,,,,,,,
15,16:00,18:30,6,,,,,,,,
15,16:00,18:30,7,,,,,,,,
15,16:00,18:30,8,,,,,,,,
15,18:00,20:30,1,,,,,,,,
15,18:00,20:30,2,,,,,,,,
15,18:00,20:30,3,K3,,,,,,,
15,18:00,20:30,4,K6,,,,,,,
15,18:00,20:30,5,K1,,,,,,,
15,18:00,20:30,6,,,,,,,,
15,18:00,20:30,7,,,,,,,,
15,18:00,20:30,8,"K2, K4, K5",,,,,,,
15,20:00,22:30,1,,,,,,,,
15,20:00,22:30,2,,,,,,,,
15,20:00,22:30,3,,,,,,,,
15,20:00,22:30,4,,,,,,,,
15,20:00,22:30,5,K1,,,,,,,
15,20:00,22:30,6,,,,,,,,
15,20:00,22:30,7,,,,,,,,
15,20:00,22:30,8,"K2, K4, K5",,,,,,,
15,22:00,0:30,1,,,,,,,,
15,22:00,0:30,2,,,,,,,,
15,22:00,0:30,3,,,,,,,,
15,22:00,0:30,4,,,,,,,,
15,22:00,0:30,5,,,,,,,,
15,22:00,0:30,6,,,,,,,,
15,22:00,0:30,7,"K7, P1",,,,,,,
15,22:00,0:30,8,,,,,,,,
16,0:00,2:30,1,K1,,,,,,,
16,0:00,2:30,2,,,,,,,,
16,0:00,2:30,3,,,,,,,,
16,0:00,2:30,4,"K2, K4, K5",,,,,,,
16,0:00,2:30,5,,,,,,,,
16,0:00,2:30,6,,,,,,,,
16,0:00,2:30,7,"K7, P1",,,,,,,
16,0:00,2:30,8,,,,,,,,
16,2:00,4:30,1,K1,,,,,,,
16,2:00,4:30,2,,,,,,,,
16,2:00,4:30,3,,,,,,,,
16,2:00,4:30,4,"K2, K4, K5",,,,,,,
16,2:00,4:30,5,,,,,,,,
16,2:00,4:30,6,K3,,,,,,,
16,2:00,4:30,7,K6,,,,,,,
16,2:00,4:30,8,,,,,,,,
16,4:00,6:30,1,,,,,,,,
16,4:00,6:30,2,,,,,,,,
16,4:00,6:30,3,"K7, P1",,,,,,,
16,4:00,6:30,4,,,,,,,,
16,4:00,6:30,5,,,,,,,,
16,4:00,6:30,6,K3,,,,,,,
16,4:00,6:30,7,K6,,,,,,,
16,4:00,6:30,8,,,,,,,,
16,6:00,8:30,1,,,,,,,,
16,6:00,8:30,2,,,,,,,,
16,6:00,8:30,3,"K7, P1",,,,,,,
16,6:00,8:30,4,,,,,,,,
16,6:00,8:30,5,,,,,,,,
16,6:00,8:30,6,,,,,,,,
16,6:00,8:30,7,,,,,,,,
16,6:00,8:30,8,,,,,,,,
16,8:00,10:30,1,,,,,,,,
16,8:00,10:30,2,K3,,,,,,,
16,8:00,10:30,3,K6,,,,,,,
16,8:00,10:30,4,,,,,,,,
16,8:00,10:30,5,,,,,,,,
16,8:00,10:30,6,,,,,,,,
16,8:00,10:30,7,,,,,,,,
16,8:00,10:30,8,,,,,,,,
16,10:00,12:30,1,,,,,,,,
16,10:00,12:30,2,K3,,,,,,,
16,10:00,12:30,3,K6,,,,,,,
16,10:00,12:30,4,,,,,,,,
16,10:00,12:30,5,,,,,,,,
16,10:00,12:30,6,,,,,,,,
16,10:00,12:30,7,"K2, K4, K5",,,,,,,
16,10:00,12:30,8,K1,,,,,,,
16,12:00,14:30,1,,,,,,,,
16,12:00,14:30,2,,,,,,,,
16,12:00,14:30,3,,,,,,,,
16,12:00,14:30,4,,,,,,,,
16,12:00,14:30,5,,,,,,,,
16,12:00,14:30,6,,,,,,,,
16,12:00,14:30,7,"K2, K4, K5",,,,,,,
16,12:00,14:30,8,K1,,,,,,,
16,14:00,16:30,1,,,,,,,,
16,14:00,16:30,2,,,,,,,,
16,14:00,16:30,3,,,,,,,,
16,14:00,16:30,4,,,,,,,,
16,14:00,16:30,5,,,,,,,,
16,14:00,16:30,6,"K7, P1",,,,,,,
16,14:00,16:30,7,,,,,,,,
16,14:00,16:30,8,,,,,,,,
16,16:00,18:30,1,,,,,,,,
16,16:00,18:30,2,,,,,,,,
16,16:00,18:30,3,"K2, K4, K5",,,,,,,
16,16:00,18:30,4,K1,,,,,,,
16,16:00,18:30,5,,,,,,,,
16,16:00,18:30,6,"K7, P1",,,,,,,
16,16:00,18:30,7,,,,,,,,
16,16:00,18:30,8,,,,,,,,
16,18:00,20:30,1,,,,,,,,
16,18:00,20:30,2,,,,,,,,
16,18:00,20:30,3,"K2, K4, K5",,,,,,,
16,18:00,20:30,4,K1,,,,,,,
16,18:00,20:30,5,,,,,,,,
16,18:00,20:30,6,,,,,,,,
16,18:00,20:30,7,,,,,,,,
16,18:00,20:30,8,,,,,,,,
16,20:00,22:30,1,,,,,,,,
16,20:00,22:30,2,"K7, P1",,,,,,,
16,20:00,22:30,3,,,,,,,,
16,20:00,22:30,4,,,,,,,,
16,20:00,22:30,5,,,,,,,,
16,20:00,22:30,6,,,,,,,,
16,20:00,22:30,7,,,,,,,,
16,20:00,22:30,8,,,,,,,,
16,22:00,0:30,1,,,,,,,,
16,22:00,0:30,2,"K7, P1",,,,,,,
16,22:00,0:30,3,,,,,,,,
16,22:00,0:30,4,,,,,,,,
16,22:00,0:30,5,,,,,,,,
16,22:00,0:30,6,"K2, K4, K5",,,,,,,
16,22:00,0:30,7,K1,,,,,,,
16,22:00,0:30,8,,,,,,,,
17,0:00,2:30,1,,,,,,,,
17,0:00,2:30,2,,,,,,,,
17,0:00,2:30,3,,,,,,,,
17,0:00,2:30,4,,,,,,,,
17,0:00,2:30,5,,,,,,,,
17,0:00,2:30,6,"K2, K4, K5",,,,,,,
17,0:00,2:30,7,K1,,,,,,,
17,0:00,2:30,8,,,,,,,,
17,2:00,4:30,1,,,,,,,,
17,2:00,4:30,2,,,,,,,,
17,2:00,4:30,3,,,,,,,,
17,2:00,4:30,4,,,,,,,,
17,2:00,4:30,5,"K7, P1",,,,,,,
17,2:00,4:30,6,,,,,,,,
17,2:00,4:30,7,,,,,,,,
17,2:00,4:30,8,,,,,,,,
17,4:00,6:30,1,,,,,,,,
17,4:00,6:30,2,"K2, K4, K5",,,,,,,
17,4:00,6:30,3,K1,,,,,,,
17,4:00,6:30,4,,,,,,,,
17,4:00,6:30,5,"K7, P1",,,,,,,
17,4:00,6:30,6,,,,,,,,
17,4:00,6:30,7,,,,,,,,
17,4:00,6:30,8,,,,,,,,
17,6:00,8:30,1,,,,,,,,
17,6:00,8:30,2,"K2, K4, K5",,,,,,,
17,6:00,8:30,3,K1,,,,,,,
17,6:00,8:30,4,,,,,,,,
17,6:00,8:30,5,K6,,,,,,,
17,6:00,8:30,6,,,,,,,,
17,6:00,8:30,7,,,,,,,,
17,6:00,8:30,8,K3,,,,,,,
17,8:00,10:30,1,"K7, P1",,,,,,,
17,8:00,10:30,2,,,,,,,,
17,8:00,10:30,3,,,,,,,,
17,8:00,10:30,4,,,,,,,,
17,8:00,10:30,5,K6,,,,,,,
17,8:00,10:30,6,,,,,,,,
17,8:00,10:30,7,,,,,,,,
17,8:00,10:30,8,K3,,,,,,,
17,10:00,12:30,1,"K7, P1",,,,,,,
17,10:00,12:30,2,,,,,,,,
17,10:00,12:30,3,,,,,,,,
17,10:00,12:30,4,,,,,,,,
17,10:00,12:30,5,,,,,,,,
17,10:00,12:30,6,,,,,,,,
17,10:00,12:30,7,,,,,,,,
17,10:00,12:30,8,,,,,,,,
17,12:00,14:30,1,K6,,,,,,,
17,12:00,14:30,2,,,,,,,,
17,12:00,14:30,3,,,,,,,,
17,12:00,14:30,4,K3,,,,,,,
17,12:00,14:30,5,,,,,,,,
17,12:00,14:30,6,,,,,,,,
17,12:00,14:30,7,,,,,,,,
17,12:00,14:30,8,,,,,,,,
17,14:00,16:30,1,K6,,,,,,,
17,14:00,16:30,2,,,,,,,,
17,14:00,16:30,3,,,,,,,,
17,14:00,16:30,4,K3,,,,,,,
17,14:00,16:30,5,"K2, K4, K5",,,,,,,
17,14:00,16:30,6,K1,,,,,,,
17,14:00,16:30,7,,,,,,,,
17,14:00,16:30,8,,,,,,,,
17,16:00,18:30,1,,,,,,,,
17,16:00,18:30,2,,,,,,,,
17,16:00,18:30,3,,,,,,,,
17,16:00,18:30,4,,,,,,,,
17,16:00,18:30,5,"K2, K4, K5",,,,,,,
17,16:00,18:30,6,K1,,,,,,,
17,16:00,18:30,7,,,,,,,,
17,16:00,18:30,8,,,,,,,,
17,18:00,20:30,1,,,,,,,,
17,18:00,20:30,2,,,,,,,,
17,18:00,20:30,3,,,,,,,,
17,18:00,20:30,4,,,,,,,,
17,18:00,20:30,5,,,,,,,,
17,18:00,20:30,6,,,,,,,,
17,18:00,20:30,7,,,,,,,,
17,18:00,20:30,8,"K7, P1",,,,,,,
17,20:00,22:30,1,"K2, K4, K5",,,,,,,
17,20:00,22:30,2,K1,,,,,,,
17,20:00,22:30,3,,,,,,,,
17,20:00,22:30,4,,,,,,,,
17,20:00,22:30,5,,,,,,,,
17,20:00,22:30,6,,,,,,,,
17,20:00,22:30,7,,,,,,,,
17,20:00,22:30,8,"K7, P1",,,,,,,
17,22:00,0:30,1,"K2, K4, K5",,,,,,,
17,22:00,0:30,2,K1,,,,,,,
17,22:00,0:30,3,,,,,,,,
17,22:00,0:30,4,,,,,,,,
17,22:00,0:30,5,,,,,,,,
17,22:00,0:30,6,,,,,,,,
17,22:00,0:30,7,K3,,,,,,,
17,22:00,0:30,8,K6,,,,,,,
18,0:00,2:30,1,,,,,,,,
18,0:00,2:30,2,,,,,,,,
18,0:00,2:30,3,,,,,,,,
18,0:00,2:30,4,"K7, P1",,,,,,,
18,0:00,2:30,5,,,,,,,,
18,0:00,2:30,6,,,,,,,,
18,0:00,2:30,7,K3,,,,,,,
18,0:00,2:30,8,K6,,,,,,,
18,2:00,4:30,1,,,,,,,,
18,2:00,4:30,2,,,,,,,,
18,2:00,4:30,3,,,,,,,,
18,2:00,4:30,4,"K7, P1",,,,,,,
18,2:00,4:30,5,,,,,,,,
18,2:00,4:30,6,,,,,,,,
18,2:00,4:30,7,,,,,,,,
18,2:00,4:30,8,,,,,,,,
18,4:00,6:30,1,,,,,,,,
18,4:00,6:30,2,,,,,,,,
18,4:00,6:30,3,K3,,,,,,,
18,4:00,6:30,4,K6,,,,,,,
18,4:00,6:30,5,,,,,,,,
18,4:00,6:30,6,,,,,,,,
18,4:00,6:30,7,,,,,,,,
18,4:00,6:30,8,,,,,,,,
18,6:00,8:30,1,,,,,,,,
18,6:00,8:30,2,,,,,,,,
18,6:00,8:30,3,K3,,,,,,,
18,6:00,8:30,4,K6,,,,,,,
18,6:00,8:30,5,K1,,,,,,,
18,6:00,8:30,6,,,,,,,,
18,6:00,8:30,7,,,,,,,,
18,6:00,8:30,8,"K2, K4, K5",,,,,,,
18,8:00,10:30,1,,,,,,,,
18,8:00,10:30,2,,,,,,,,
18,8:00,10:30,3,,,,,,,,
18,8:00,10:30,4,,,,,,,,
18,8:00,10:30,5,K1,,,,,,,
18,8:00,10:30,6,,,,,,,,
18,8:00,10:30,7,,,,,,,,
18,8:00,10:30,8,"K2, K4, K5",,,,,,,
18,10:00,12:30,1,,,,,,,,
18,10:00,12:30,2,,,,,,,,
18,10:00,12:30,3,,,,,,,,
18,10:00,12:30,4,,,,,,,,
18,10:00,12:30,5,,,,,,,,
18,10:00,12:30,6,,,,,,,,
18,10:00,12:30,7,"K7, P1",,,,,,,
18,10:00,12:30,8,,,,,,,,
18,12:00,14:30,1,K1,,,,,,,
18,12:00,14:30,2,,,,,,,,
18,12:00,14:30,3,,,,,,,,
18,12:00,14:30,4,"K2, K4, K5",,,,,,,
18,12:00,14:30,5,,,,,,,,
18,12:00,14:30,6,,,,,,,,
18,12:00,14:30,7,"K7, P1",,,,,,,
18,12:00,14:30,8,,,,,,,,
18,14:00,16:30,1,K1,,,,,,,
18,14:00,16:30,2,,,,,,,,
18,14:00,16:30,3,,,,,,,,
18,14:00,16:30,4,"K2, K4, K5",,,,,,,
18,14:00,16:30,5,,,,,,,,
18,14:00,16:30,6,K3,,,,,,,
18,14:00,16:30,7,K6,,,,,,,
18,14:00,16:30,8,,,,,,,,
18,16:00,18:30,1,,,,,,,,
18,16:00,18:30,2,,,,,,,,
18,16:00,18:30,3,"K7, P1",,,,,,,
18,16:00,18:30,4,,,,,,,,
18,16:00,18:30,5,,,,,,,,
18,16:00,18:30,6,K3,,,,,,,
18,16:00,18:30,7,K6,,,,,,,
18,16:00,18:30,8,,,,,,,,
18,18:00,20:30,1,,,,,,,,
18,18:00,20:30,2,,,,,,,,
18,18:00,20:30,3,"K7, P1",,,,,,,
18,18:00,20:30,4,,,,,,,,
18,18:00,20:30,5,,,,,,,,
18,18:00,20:30,6,,,,,,,,
18,18:00,20:30,7,,,,,,,,
18,18:00,20:30,8,,,,,,,,
18,20:00,22:30,1,,,,,,,,
18,20:00,22:30,2,K3,,,,,,,
18,20:00,22:30,3,K6,,,,,,,
18,20:00,22:30,4,,,,,,,,
18,20:00,22:30,5,,,,,,,,
18,20:00,22:30,6,,,,,,,,
18,20:00,22:30,7,,,,,,,,
18,20:00,22:30,8,,,,,,,,
18,22:00,0:30,1,,,,,,,,
18,22:00,0:30,2,K3,,,,,,,
18,22:00,0:30,3,K6,,,,,,,
18,22:00,0:30,4,,,,,,,,
18,22:00,0:30,5,,,,,,,,
18,22:00,0:30,6,,,,,,,,
18,22:00,0:30,7,"K2, K4, K5",,,,,,,
18,22:00,0:30,8,K1,,,,,,,
19,0:00,2:30,1,,,,,,,,
19,0:00,2:30,2,,,,,,,,
19,0:00,2:30,3,,,,,,,,
19,0:00,2:30,4,,,,,,,,
19,0:00,2:30,5,,,,,,,,
19,0:00,2:30,6,,,,,,,,
19,0:00,2:30,7,"K2, K4, K5",,,,,,,
19,0:00,2:30,8,K1,,,,,,,
19,2:00,4:30,1,,,,,,,,
19,2:00,4:30,2,,,,,,,,
19,2:00,4:30,3,,,,,,,,
19,2:00,4:30,4,,,,,,,,
19,2:00,4:30,5,,,,,,,,
19,2:00,4:30,6,"K7, P1",,,,,,,
19,2:00,4:30,7,,,,,,,,
19,2:00,4:30,8,,,,,,,,
19,4:00,6:30,1,,,,,,,,
19,4:00,6:30,2,,,,,,,,
19,4:00,6:30,3,"K2, K4, K5",,,,,,,
19,4:00,6:30,4,K1,,,,,,,
19,4:00,6:30,5,,,,,,,,
19,4:00,6:30,6,"K7, P1",,,,,,,
19,4:00,6:30,7,,,,,,,,
19,4:00,6:30,8,,,,,,,,
19,6:00,8:30,1,,,,,,,,
19,6:00,8:30,2,,,,,,,,
19,6:00,8:30,3,"K2, K4, K5",,,,,,,
19,6:00,8:30,4,K1,,,,,,,
19,6:00,8:30,5,K3,,,,,,,
19,6:00,8:30,6,K6,,,,,,,
19,6:00,8:30,7,,,,,,,,
19,6:00,8:30,8,,,,,,,,
19,8:00,10:30,1,,,,,,,,
19,8:00,10:30,2,"K7, P1",,,,,,,
19,8:00,10:30,3,,,,,,,,
19,8:00,10:30,4,,,,,,,,
19,8:00,10:30,5,K3,,,,,,,
19,8:00,10:30,6,K6,,,,,,,
19,8:00,10:30,7,,,,,,,,
19,8:00,10:30,8,,,,,,,,
19,10:00,12:30,1,,,,,,,,
19,10:00,12:30,2,"K7, P1",,,,,,,
19,10:00,12:30,3,,,,,,,,
19,10:00,12:30,4,,,,,,,,
19,10:00,12:30,5,,,,,,,,
19,10:00,12:30,6,,,,,,,,
19,10:00,12:30,7,,,,,,,,
19,10:00,12:30,8,,,,,,,,
19,12:00,14:30,1,K3,,,,,,,
19,12:00,14:30,2,K6,,,,,,,
19,12:00,14:30,3,,,,,,,,
19,12:00,14:30,4,,,,,,,,
19,12:00,14:30,5,,,,,,,,
19,12:00,14:30,6,,,,,,,,
19,12:00,14:30,7,,,,,,,,
19,12:00,14:30,8,,,,,,,,
19,14:00,16:30,1,K3,,,,,,,
19,14:00,16:30,2,K6,,,,,,,
19,14:00,16:30,3,,,,,,,,
19,14:00,16:30,4,,,,,,,,
19,14:00,16:30,5,,,,,,,,
19,14:00,16:30,6,"K2, K4, K5",,,,,,,
19,14:00,16:30,7,K1,,,,,,,
19,14:00,16:30,8,,,,,,,,
19,16:00,18:30,1,,,,,,,,
19,16:00,18:30,2,,,,,,,,
19,16:00,18:30,3,,,,,,,,
19,16:00,18:30,4,,,,,,,,
19,16:00,18:30,5,,,,,,,,
19,16:00,18:30,6,"K2, K4, K5",,,,,,,
19,16:00,18:30,7,K1,,,,,,,
19,16:00,18:30,8,,,,,,,,
19,18:00,20:30,1,,,,,,,,
19,18:00,20:30,2,,,,,,,,
19,18:00,20:30,3,,,,,,,,
19,18:00,20:30,4,,,,,,,,
19,18:00,20:30,5,"K7, P1",,,,,,,
19,18:00,20:30,6,,,,,,,,
19,18:00,20:30,7,,,,,,,,
19,18:00,20:30,8,,,,,,,,
19,20:00,22:30,1,,,,,,,,
19,20:00,22:30,2,"K2, K4, K5",,,,,,,
19,20:00,22:30,3,K1,,,,,,,
19,20:00,22:30,4,,,,,,,,
19,20:00,22:30,5,"K7, P1",,,,,,,
19,20:00,22:30,6,,,,,,,,
19,20:00,22:30,7,,,,,,,,
19,20:00,22:30,8,,,,,,,,
19,22:00,0:30,1,,,,,,,,
19,22:00,0:30,2,"K2, K4, K5",,,,,,,
19,22:00,0:30,3,K1,,,,,,,
19,22:00,0:30,4,,,,,,,,
19,22:00,0:30,5,K6,,,,,,,
19,22:00,0:30,6,,,,,,,,
19,22:00,0:30,7,,,,,,,,
19,22:00,0:30,8,K3,,,,,,,
20,0:00,2:30,1,"K7, P1",,,,,,,
20,0:00,2:30,2,,,,,,,,
20,0:00,2:30,3,,,,,,,,
20,0:00,2:30,4,,,,,,,,
20,0:00,2:30,5,K6,,,,,,,
20,0:00,2:30,6,,,,,,,,
20,0:00,2:30,7,,,,,,,,
20,0:00,2:30,8,K3,,,,,,,
20,2:00,4:30,1,"K7, P1",,,,,,,
20,2:00,4:30,2,,,,,,,,
20,2:00,4:30,3,,,,,,,,
20,2:00,4:30,4,,,,,,,,
20,2:00,4:30,5,,,,,,,,
20,2:00,4:30,6,,,,,,,,
20,2:00,4:30,7,,,,,,,,
20,2:00,4:30,8,,,,,,,,
20,4:00,6:30,1,K6,,,,,,,
20,4:00,6:30,2,,,,,,,,
20,4:00,6:30,3,,,,,,,,
20,4:00,6:30,4,K3,,,,,,,
20,4:00,6:30,5,,,,,,,,
20,4:00,6:30,6,,,,,,,,
20,4:00,6:30,7,,,,,,,,
20,4:00,6:30,8,,,,,,,,
20,6:00,8:30,1,K6,,,,,,,
20,6:00,8:30,2,,,,,,,,
20,6:00,8:30,3,,,,,,,,
20,6:00,8:30,4,K3,,,,,,,
20,6:00,8:30,5,"K2, K4, K5",,,,,,,
20,6:00,8:30,6,K1,,,,,,,
20,6:00,8:30,7,,,,,,,,
20,6:00,8:30,8,,,,,,,,
20,8:00,10:30,1,,,,,,,,
20,8:00,10:30,2,,,,,,,,
20,8:00,10:30,3,,,,,,,,
20,8:00,10:30,4,,,,,,,,
20,8:00,10:30,5,"K2, K4, K5",,,,,,,
20,8:00,10:30,6,K1,,,,,,,
20,8:00,10:30,7,,,,,,,,
20,8:00,10:30,8,,,,,,,,
20,10:00,12:30,1,,,,,,,,
20,10:00,12:30,2,,,,,,,,
20,10:00,12:30,3,,,,,,,,
20,10:00,12:30,4,,,,,,,,
20,10:00,12:30,5,,,,,,,,
20,10:00,12:30,6,,,,,,,,
20,10:00,12:30,7,,,,,,,,
20,10:00,12:30,8,"K7, P1",,,,,,,
20,12:00,14:30,1,"K2, K4, K5",,,,,,,
20,12:00,14:30,2,K1,,,,,,,
20,12:00,14:30,3,,,,,,,,
20,12:00,14:30,4,,,,,,,,
20,12:00,14:30,5,,,,,,,,
20,12:00,14:30,6,,,,,,,,
20,12:00,14:30,7,,,,,,,,
20,12:00,14:30,8,"K7, P1",,,,,,,
20,14:00,16:30,1,"K2, K4, K5",,,,,,,
20,14:00,16:30,2,K1,,,,,,,
20,14:00,16:30,3,,,,,,,,
20,14:00,16:30,4,,,,,,,,
20,14:00,16:30,5,,,,,,,,
20,14:00,16:30,6,,,,,,,,
20,14:00,16:30,7,K3,,,,,,,
20,14:00,16:30,8,K6,,,,,,,
20,16:00,18:30,1,,,,,,,,
20,16:00,18:30,2,,,,,,,,
20,16:00,18:30,3,,,,,,,,
20,16:00,18:30,4,"K7, P1",,,,,,,
20,16:00,18:30,5,,,,,,,,
20,16:00,18:30,6,,,,,,,,
20,16:00,18:30,7,K3,,,,,,,
20,16:00,18:30,8,K6,,,,,,,
20,18:00,20:30,1,,,,,,,,
20,18:00,20:30,2,,,,,,,,
20,18:00,20:30,3,,,,,,,,
20,18:00,20:30,4,"K7, P1",,,,,,,
20,18:00,20:30,5,,,,,,,,
20,18:00,20:30,6,,,,,,,,
20,18:00,20:30,7,,,,,,,,
20,18:00,20:30,8,,,,,,,,
20,20:00,22:30,1,,,,,,,,
20,20:00,22:30,2,,,,,,,,
20,20:00,22:30,3,K3,,,,,,,
20,20:00,22:30,4,K6,,,,,,,
20,20:00,22:30,5,,,,,,,,
20,20:00,22:30,6,,,,,,,,
20,20:00,22:30,7,,,,,,,,
20,20:00,22:30,8,,,,,,,,
20,22:00,0:30,1,,,,,,,,
20,22:00,0:30,2,,,,,,,,
20,22:00,0:30,3,K3,,,,,,,
20,22:00,0:30,4,K6,,,,,,,
20,22:00,0:30,5,K1,,,,,,,
20,22:00,0:30,6,,,,,,,,
20,22:00,0:30,7,,,,,,,,
20,22:00,0:30,8,"K2, K4, K5",,,,,,,
21,0:00,2:30,1,,,,,,,,
21,0:00,2:30,2,,,,,,,,
21,0:00,2:30,3,,,,,,,,
21,0:00,2:30,4,,,,,,,,
21,0:00,2:30,5,K1,,,,,,,
21,0:00,2:30,6,,,,,,,,
21,0:00,2:30,7,,,,,,,,
21,0:00,2:30,8,"K2, K4, K5",,,,,,,
21,2:00,4:30,1,,,,,,,,
21,2:00,4:30,2,,,,,,,,
21,2:00,4:30,3,,,,,,,,
21,2:00,4:30,4,,,,,,,,
21,2:00,4:30,5,,,,,,,,
21,2:00,4:30,6,,,,,,,,
21,2:00,4:30,7,"K7, P1",,,,,,,
21,2:00,4:30,8,,,,,,,,
21,4:00,6:30,1,K1,,,,,,,
21,4:00,6:30,2,,,,,,,,
21,4:00,6:30,3,,,,,,,,
21,4:00,6:30,4,"K2, K4, K5",,,,,,,
21,4:00,6:30,5,,,,,,,,
21,4:00,6:30,6,,,,,,,,
21,4:00,6:30,7,"K7, P1",,,,,,,
21,4:00,6:30,8,,,,,,,,
21,6:00,8:30,1,K1,,,,,,,
21,6:00,8:30,2,,,,,,,,
21,6:00,8:30,3,,,,,,,,
21,6:00,8:30,4,"K2, K4, K5",,,,,,,
21,6:00,8:30,5,,,,,,,,
21,6:00,8:30,6,K3,,,,,,,
21,6:00,8:30,7,K6,,,,,,,
21,6:00,8:30,8,,,,,,,,
21,8:00,10:30,1,,,,,,,,
21,8:00,10:30,2,,,,,,,,
21,8:00,10:30,3,"K7, P1",,,,,,,
21,8:00,10:30,4,,,,,,,,
21,8:00,10:30,5,,,,,,,,
21,8:00,10:30,6,K3,,,,,,,
21,8:00,10:30,7,K6,,,,,,,
21,8:00,10:30,8,,,,,,,,
21,10:00,12:30,1,,,,,,,,
21,10:00,12:30,2,,,,,,,,
21,10:00,12:30,3,"K7, P1",,,,,,,
21,10:00,12:30,4,,,,,,,,
21,10:00,12:30,5,,,,,,,,
21,10:00,12:30,6,,,,,,,,
21,10:00,12:30,7,,,,,,,,
21,10:00,12:30,8,,,,,,,,
21,12:00,14:30,1,,,,,,,,
21,12:00,14:30,2,K3,,,,,,,
21,12:00,14:30,3,K6,,,,,,,
21,12:00,14:30,4,,,,,,,,
21,12:00,14:30,5,,,,,,,,
21,12:00,14:30,6,,,,,,,,
21,12:00,14:30,7,,,,,,,,
21,12:00,14:30,8,,,,,,,,
21,14:00,16:30,1,,,,,,,,
21,14:00,16:30,2,K3,,,,,,,
21,14:00,16:30,3,K6,,,,,,,
21,14:00,16:30,4,,,,,,,,
21,14:00,16:30,5,,,,,,,,
21,14:00,16:30,6,,,,,,,,
21,14:00,16:30,7,"K2, K4, K5",,,,,,,
21,14:00,16:30,8,K1,,,,,,,
21,16:00,18:30,1,,,,,,,,
21,16:00,18:30,2,,,,,,,,
21,16:00,18:30,3,,,,,,,,
21,16:00,18:30,4,,,,,,,,
21,16:00,18:30,5,,,,,,,,
21,16:00,18:30,6,,,,,,,,
21,16:00,18:30,7,"K2, K4, K5",,,,,,,
21,16:00,18:30,8,K1,,,,,,,
21,18:00,20:30,1,,,,,,,,
21,18:00,20:30,2,,,,,,,,
21,18:00,20:30,3,,,,,,,,
21,18:00,20:30,4,,,,,,,,
21,18:00,20:30,5,,,,,,,,
21,18:00,20:30,6,"K7, P1",,,,,,,
21,18:00,20:30,7,,,,,,,,
21,18:00,20:30,8,,,,,,,,
21,20:00,22:30,1,,,,,,,,
21,20:00,22:30,2,,,,,,,,
21,20:00,22:30,3,"K2, K4, K5",,,,,,,
21,20:00,22:30,4,K1,,,,,,,
21,20:00,22:30,5,,,,,,,,
21,20:00,22:30,6,"K7, P1",,,,,,,
21,20:00,22:30,7,,,,,,,,
21,20:00,22:30,8,,,,,,,,
21,22:00,0:30,1,,,,,,,,
21,22:00,0:30,2,,,,,,,,
21,22:00,0:30,3,"K2, K4, K5",,,,,,,
21,22:00,0:30,4,K1,,,,,,,
21,22:00,0:30,5,K3,,,,,,,
21,22:00,0:30,6,K6,,,,,,,
21,22:00,0:30,7,,,,,,,,
21,22:00,0:30,8,,,,,,,,
22,0:00,2:30,1,,,,,,,,
22,0:00,2:30,2,"K7, P1",,,,,,,
22,0:00,2:30,3,,,,,,,,
22,0:00,2:30,4,,,,,,,,
22,0:00,2:30,5,K3,,,,,,,
22,0:00,2:30,6,K6,,,,,,,
22,0:00,2:30,7,,,,,,,,
22,0:00,2:30,8,,,,,,,,
22,2:00,4:30,1,,,,,,,,
22,2:00,4:30,2,"K7, P1",,,,,,,
22,2:00,4:30,3,,,,,,,,
22,2:00,4:30,4,,,,,,,,
22,2:00,4:30,5,,,,,,,,
22,2:00,4:30,6,,,,,,,,
22,2:00,4:30,7,,,,,,,,
22,2:00,4:30,8,,,,,,,,
22,4:00,6:30,1,K3,,,,,,,
22,4:00,6:30,2,K6,,,,,,,
22,4:00,6:30,3,,,,,,,,
22,4:00,6:30,4,,,,,,,,
22,4:00,6:30,5,,,,,,,,
22,4:00,6:30,6,,,,,,,,
22,4:00,6:30,7,,,,,,,,
22,4:00,6:30,8,,,,,,,,
22,6:00,8:30,1,K3,,,,,,,
22,6:00,8:30,2,K6,,,,,,,
22,6:00,8:30,3,,,,,,,,
22,6:00,8:30,4,,,,,,,,
22,6:00,8:30,5,,,,,,,,
22,6:00,8:30,6,"K2, K4, K5",,,,,,,
22,6:00,8:30,7,K1,,,,,,,
22,6:00,8:30,8,,,,,,,,
22,8:00,10:30,1,,,,,,,,
22,8:00,10:30,2,,,,,,,,
22,8:00,10:30,3,,,,,,,,
22,8:00,10:30,4,,,,,,,,
22,8:00,10:30,5,,,,,,,,
22,8:00,10:30,6,"K2, K4, K5",,,,,,,
22,8:00,10:30,7,K1,,,,,,,
22,8:00,10:30,8,,,,,,,,
22,10:00,12:30,1,,,,,,,,
22,10:00,12:30,2,,,,,,,,
22,10:00,12:30,3,,,,,,,,
22,10:00,12:30,4,,,,,,,,
22,10:00,12:30,5,"K7, P1",,,,,,,
22,10:00,12:30,6,,,,,,,,
22,10:00,12:30,7,,,,,,,,
22,10:00,12:30,8,,,,,,,,
22,12:00,14:30,1,,,,,,,,
22,12:00,14:30,2,"K2, K4, K5",,,,,,,
22,12:00,14:30,3,K1,,,,,,,
22,12:00,14:30,4,,,,,,,,
22,12:00,14:30,5,"K7, P1",,,,,,,
22,12:00,14:30,6,,,,,,,,
22,12:00,14:30,7,,,,,,,,
22,12:00,14:30,8,,,,,,,,
22,14:00,16:30,1,,,,,,,,
22,14:00,16:30,2,"K2, K4, K5",,,,,,,
22,14:00,16:30,3,K1,,,,,,,
22,14:00,16:30,4,,,,,,,,
22,14:00,16:30,5,K6,,,,,,,
22,14:00,16:30,6,,,,,,,,
22,14:00,16:30,7,,,,,,,,
22,14:00,16:30,8,K3,,,,,,,
22,16:00,18:30,1,"K7, P1",,,,,,,
22,16:00,18:30,2,,,,,,,,
22,16:00,18:30,3,,,,,,,,
22,16:00,18:30,4,,,,,,,,
22,16:00,18:30,5,K6,,,,,,,
22,16:00,18:30,6,,,,,,,,
22,16:00,18:30,7,,,,,,,,
22,16:00,18:30,8,K3,,,,,,,
22,18:00,20:30,1,"K7, P1",,,,,,,
22,18:00,20:30,2,,,,,,,,
22,18:00,20:30,3,,,,,,,,
22,18:00,20:30,4,,,,,,,,
22,18:00,20:30,5,,,,,,,,
22,18:00,20:30,6,,,,,,,,
22,18:00,20:30,7,,,,,,,,
22,18:00,20:30,8,,,,,,,,
22,20:00,22:30,1,K6,,,,,,,
22,20:00,22:30,2,,,,,,,,
22,20:00,22:30,3,,,,,,,,
22,20:00,22:30,4,K3,,,,,,,
22,20:00,22:30,5,,,,,,,,
22,20:00,22:30,6,,,,,,,,
22,20:00,22:30,7,,,,,,,,
22,20:00,22:30,8,,,,,,,,
22,22:00,0:30,1,K6,,,,,,,
22,22:00,0:30,2,,,,,,,,
22,22:00,0:30,3,,,,,,,,
22,22:00,0:30,4,K3,,,,,,,
22,22:00,0:30,5,"K2, K4, K5",,,,,,,
22,22:00,0:30,6,K1,,,,,,,
22,22:00,0:30,7,,,,,,,,
22,22:00,0:30,8,,,,,,,,
23,0:00,2:30,1,,,,,,,,
23,0:00,2:30,2,,,,,,,,
23,0:00,2:30,3,,,,,,,,
23,0:00,2:30,4,,,,,,,,
23,0:00,2:30,5,"K2, K4, K5",,,,,,,
23,0:00,2:30,6,K1,,,,,,,
23,0:00,2:30,7,,,,,,,,
23,0:00,2:30,8,,,,,,,,
23,2:00,4:30,1,,,,,,,,
23,2:00,4:30,2,,,,,,,,
23,2:00,4:30,3,,,,,,,,
23,2:00,4:30,4,,,,,,,,
23,2:00,4:30,5,,,,,,,,
23,2:00,4:30,6,,,,,,,,
23,2:00,4:30,7,,,,,,,,
23,2:00,4:30,8,"K7, P1",,,,,,,
23,4:00,6:30,1,"K2, K4, K5",,,,,,,
23,4:00,6:30,2,K1,,,,,,,
23,4:00,6:30,3,,,,,,,,
23,4:00,6:30,4,,,,,,,,
23,4:00,6:30,5,,,,,,,,
23,4:00,6:30,6,,,,,,,,
23,4:00,6:30,7,,,,,,,,
23,4:00,6:30,8,"K7, P1",,,,,,,
23,6:00,8:30,1,"K2, K4, K5",,,,,,,
23,6:00,8:30,2,K1,,,,,,,
23,6:00,8:30,3,,,,,,,,
23,6:00,8:30,4,,,,,,,,
23,6:00,8:30,5,,,,,,,,
23,6:00,8:30,6,,,,,,,,
23,6:00,8:30,7,K3,,,,,,,
23,6:00,8:30,8,K6,,,,,,,
23,8:00,10:30,1,,,,,,,,
23,8:00,10:30,2,,,,,,,,
23,8:00,10:30,3,,,,,,,,
23,8:00,10:30,4,"K7, P1",,,,,,,
23,8:00,10:30,5,,,,,,,,
23,8:00,10:30,6,,,,,,,,
23,8:00,10:30,7,K3,,,,,,,
23,8:00,10:30,8,K6,,,,,,,
23,10:00,12:30,1,,,,,,,,
23,10:00,12:30,2,,,,,,,,
23,10:00,12:30,3,,,,,,,,
23,10:00,12:30,4,"K7, P1",,,,,,,
23,10:00,12:30,5,,,,,,,,
23,10:00,12:30,6,,,,,,,,
23,10:00,12:30,7,,,,,,,,
23,10:00,12:30,8,,,,,,,,
23,12:00,14:30,1,,,,,,,,
23,12:00,14:30,2,,,,,,,,
23,12:00,14:30,3,K3,,,,,,,
23,12:00,14:30,4,K6,,,,,,,
23,12:00,14:30,5,,,,,,,,
23,12:00,14:30,6,,,,,,,,
23,12:00,14:30,7,,,,,,,,
23,12:00,14:30,8,,,,,,,,
23,14:00,16:30,1,,,,,,,,
23,14:00,16:30,2,,,,,,,,
23,14:00,16:30,3,K3,,,,,,,
23,14:00,16:30,4,K6,,,,,,,
23,14:00,16:30,5,K1,,,,,,,
23,14:00,16:30,6,,,,,,,,
23,14:00,16:30,7,,,,,,,,
23,14:00,16:30,8,"K2, K4, K5",,,,,,,
23,16:00,18:30,1,,,,,,,,
23,16:00,18:30,2,,,,,,,,
23,16:00,18:30,3,,,,,,,,
23,16:00,18:30,4,,,,,,,,
23,16:00,18:30,5,K1,,,,,,,
23,16:00,18:30,6,,,,,,,,
23,16:00,18:30,7,,,,,,,,
23,16:00,18:30,8,"K2, K4, K5",,,,,,,
23,18:00,20:30,1,,,,,,,,
23,18:00,20:30,2,,,,,,,,
23,18:00,20:30,3,,,,,,,,
23,18:00,20:30,4,,,,,,,,
23,18:00,20:30,5,,,,,,,,
23,18:00,20:30,6,,,,,,,,
23,18:00,20:30,7,"K7, P1",,,,,,,
23,18:00,20:30,8,,,,,,,,
23,20:00,22:30,1,K1,,,,,,,
23,20:00,22:30,2,,,,,,,,
23,20:00,22:30,3,,,,,,,,
23,20:00,22:30,4,"K2, K4, K5",,,,,,,
23,20:00,22:30,5,,,,,,,,
23,20:00,22:30,6,,,,,,,,
23,20:00,22:30,7,"K7, P1",,,,,,,
23,20:00,22:30,8,,,,,,,,
23,22:00,0:30,1,K1,,,,,,,
23,22:00,0:30,2,,,,,,,,
23,22:00,0:30,3,,,,,,,,
23,22:00,0:30,4,"K2, K4, K5",,,,,,,
23,22:00,0:30,5,,,,,,,,
23,22:00,0:30,6,K3,,,,,,,
23,22:00,0:30,7,K6,,,,,,,
23,22:00,0:30,8,,,,,,,,
24,0:00,2:30,1,,,,,,,,
24,0:00,2:30,2,,,,,,,,
24,0:00,2:30,3,"K7, P1",,,,,,,
24,0:00,2:30,4,,,,,,,,
24,0:00,2:30,5,,,,,,,,
24,0:00,2:30,6,K3,,,,,,,
24,0:00,2:30,7,K6,,,,,,,
24,0:00,2:30,8,,,,,,,,
24,2:00,4:30,1,,,,,,,,
24,2:00,4:30,2,,,,,,,,
24,2:00,4:30,3,"K7, P1",,,,,,,
24,2:00,4:30,4,,,,,,,,
24,2:00,4:30,5,,,,,,,,
24,2:00,4:30,6,,,,,,,,
24,2:00,4:30,7,,,,,,,,
24,2:00,4:30,8,,,,,,,,
24,4:00,6:30,1,,,,,,,,
24,4:00,6:30,2,K3,,,,,,,
24,4:00,6:30,3,K6,,,,,,,
24,4:00,6:30,4,,,,,,,,
24,4:00,6:30,5,,,,,,,,
24,4:00,6:30,6,,,,,,,,
24,4:00,6:30,7,,,,,,,,
24,4:00,6:30,8,,,,,,,,
24,6:00,8:30,1,,,,,,,,
24,6:00,8:30,2,K3,,,,,,,
24,6:00,8:30,3,K6,,,,,,,
24,6:00,8:30,4,,,,,,,,
24,6:00,8:30,5,,,,,,,,
24,6:00,8:30,6,,,,,,,,
24,6:00,8:30,7,"K2, K4, K5",,,,,,,
24,6:00,8:30,8,K1,,,,,,,
24,8:00,10:30,1,,,,,,,,
24,8:00,10:30,2,,,,,,,,
24,8:00,10:30,3,,,,,,,,
24,8:00,10:30,4,,,,,,,,
24,8:00,10:30,5,,,,,,,,
24,8:00,10:30,6,,,,,,,,
24,8:00,10:30,7,"K2, K4, K5",,,,,,,
24,8:00,10:30,8,K1,,,,,,,
24,10:00,12:30,1,,,,,,,,
24,10:00,12:30,2,,,,,,,,
24,10:00,12:30,3,,,,,,,,
24,10:00,12:30,4,,,,,,,,
24,10:00,12:30,5,,,,,,,,
24,10:00,12:30,6,"K7, P1",,,,,,,
24,10:00,12:30,7,,,,,,,,
24,10:00,12:30,8,,,,,,,,
24,12:00,14:30,1,,,,,,,,
24,12:00,14:30,2,,,,,,,,
24,12:00,14:30,3,"K2, K4, K5",,,,,,,
24,12:00,14:30,4,K1,,,,,,,
24,12:00,14:30,5,,,,,,,,
24,12:00,14:30,6,"K7, P1",,,,,,,
24,12:00,14:30,7,,,,,,,,
24,12:00,14:30,8,,,,,,,,
24,14:00,16:30,1,,,,,,,,
24,14:00,16:30,2,,,,,,,,
24,14:00,16:30,3,"K2, K4, K5",,,,,,,
24,14:00,16:30,4,K1,,,,,,,
24,14:00,16:30,5,K3,,,,,,,
24,14:00,16:30,6,K6,,,,,,,
24,14:00,16:30,7,,,,,,,,
24,14:00,16:30,8,,,,,,,,
24,16:00,18:30,1,,,,,,,,
24,16:00,18:30,2,"K7, P1",,,,,,,
24,16:00,18:30,3,,,,,,,,
24,16:00,18:30,4,,,,,,,,
24,16:00,18:30,5,K3,,,,,,,
24,16:00,18:30,6,K6,,,,,,,
24,16:00,18:30,7,,,,,,,,
24,16:00,18:30,8,,,,,,,,
24,18:00,20:30,1,,,,,,,,
24,18:00,20:30,2,"K7, P1",,,,,,,
24,18:00,20:30,3,,,,,,,,
24,18:00,20:30,4,,,,,,,,
24,18:00,20:30,5,,,,,,,,
24,18:00,20:30,6,"K2, K4, K5",,,,,,,
24,18:00,20:30,7,K1,,,,,,,
24,18:00,20:30,8,,,,,,,,
24,20:00,22:30,1,K3,,,,,,,
24,20:00,22:30,2,K6,,,,,,,
24,20:00,22:30,3,,,,,,,,
24,20:00,22:30,4,,,,,,,,
24,20:00,22:30,5,,,,,,,,
24,20:00,22:30,6,"K2, K4, K5",,,,,,,
24,20:00,22:30,7,K1,,,,,,,
24,20:00,22:30,8,,,,,,,,
24,22:00,0:30,1,K3,,,,,,,
24,22:00,0:30,2,K6,,,,,,,
24,22:00,0:30,3,,,,,,,,
24,22:00,0:30,4,,,,,,,,
24,22:00,0:30,5,"K7, P1",,,,,,,
24,22:00,0:30,6,,,,,,,,
24,22:00,0:30,7,,,,,,,,
24,22:00,0:30,8,,,,,,,,
25,0:00,2:30,1,,,,,,,,
25,0:00,2:30,2,"K2, K4, K5",,,,,,,
25,0:00,2:30,3,K1,,,,,,,
25,0:00,2:30,4,,,,,,,,
25,0:00,2:30,5,"K7, P1",,,,,,,
25,0:00,2:30,6,,,,,,,,
25,0:00,2:30,7,,,,,,,,
25,0:00,2:30,8,,,,,,,,
25,2:00,4:30,1,,,,,,,,
25,2:00,4:30,2,"K2, K4, K5",,,,,,,
25,2:00,4:30,3,K1,,,,,,,
25,2:00,4:30,4,,,,,,,,
25,2:00,4:30,5,K6,,,,,,,
25,2:00,4:30,6,,,,,,,,
25,2:00,4:30,7,,,,,,,,
25,2:00,4:30,8,K3,,,,,,,
25,4:00,6:30,1,"K7, P1",,,,,,,
25,4:00,6:30,2,,,,,,,,
25,4:00,6:30,3,,,,,,,,
25,4:00,6:30,4,,,,,,,,
25,4:00,6:30,5,K6,,,,,,,
25,4:00,6:30,6,,,,,,,,
25,4:00,6:30,7,,,,,,,,
25,4:00,6:30,8,K3,,,,,,,
25,6:00,8:30,1,"K7, P1",,,,,,,
25,6:00,8:30,2,,,,,,,,
25,6:00,8:30,3,,,,,,,,
25,6:00,8:30,4,,,,,,,,
25,6:00,8:30,5,,,,,,,,
25,6:00,8:30,6,,,,,,,,
25,6:00,8:30,7,,,,,,,,
25,6:00,8:30,8,,,,,,,,
25,8:00,10:30,1,K6,,,,,,,
25,8:00,10:30,2,,,,,,,,
25,8:00,10:30,3,,,,,,,,
25,8:00,10:30,4,K3,,,,,,,
25,8:00,10:30,5,,,,,,,,
25,8:00,10:30,6,,,,,,,,
25,8:00,10:30,7,,,,,,,,
25,8:00,10:30,8,,,,,,,,
25,10:00,12:30,1,K6,,,,,,,
25,10:00,12:30,2,,,,,,,,
25,10:00,12:30,3,,,,,,,,
25,10:00,12:30,4,K3,,,,,,,
25,10:00,12:30,5,"K2, K4, K5",,,,,,,
25,10:00,12:30,6,K1,,,,,,,
25,10:00,12:30,7,,,,,,,,
25,10:00,12:30,8,,,,,,,,
25,12:00,14:30,1,,,,,,,,
25,12:00,14:30,2,,,,,,,,
25,12:00,14:30,3,,,,,,,,
25,12:00,14:30,4,,,,,,,,
25,12:00,14:30,5,"K2, K4, K5",,,,,,,
25,12:00,14:30,6,K1,,,,,,,
25,12:00,14:30,7,,,,,,,,
25,12:00,14:30,8,,,,,,,,
25,14:00,16:30,1,,,,,,,,
25,14:00,16:30,2,,,,,,,,
25,14:00,16:30,3,,,,,,,,
25,14:00,16:30,4,,,,,,,,
25,14:00,16:30,5,,,,,,,,
25,14:00,16:30,6,,,,,,,,
25,14:00,16:30,7,,,,,,,,
25,14:00,16:30,8,"K7, P1",,,,,,,
25,16:00,18:30,1,"K2, K4, K5",,,,,,,
25,16:00,18:30,2,K1,,,,,,,
25,16:00,18:30,3,,,,,,,,
25,16:00,18:30,4,,,,,,,,
25,16:00,18:30,5,,,,,,,,
25,16:00,18:30,6,,,,,,,,
25,16:00,18:30,7,,,,,,,,
25,16:00,18:30,8,"K7, P1",,,,,,,
25,18:00,20:30,1,"K2, K4, K5",,,,,,,
25,18:00,20:30,2,K1,,,,,,,
25,18:00,20:30,3,,,,,,,,
25,18:00,20:30,4,,,,,,,,
25,18:00,20:30,5,,,,,,,,
25,18:00,20:30,6,,,,,,,,
25,18:00,20:30,7,K3,,,,,,,
25,18:00,20:30,8,K6,,,,,,,
25,20:00,22:30,1,,,,,,,,
25,20:00,22:30,2,,,,,,,,
25,20:00,22:30,3,,,,,,,,
25,20:00,22:30,4,"K7, P1",,,,,,,
25,20:00,22:30,5,,,,,,,,
25,20:00,22:30,6,,,,,,,,
25,20:00,22:30,7,K3,,,,,,,
25,20:00,22:30,8,K6,,,,,,,
25,22:00,0:30,1,,,,,,,,
25,22:00,0:30,2,,,,,,,,
25,22:00,0:30,3,,,,,,,,
25,22:00,0:30,4,"K7, P1",,,,,,,
25,22:00,0:30,5,,,,,,,,
25,22:00,0:30,6,,,,,,,,
25,22:00,0:30,7,,,,,,,,
25,22:00,0:30,8,,,,,,,,
26,0:00,2:30,1,,,,,,,,
26,0:00,2:30,2,,,,,,,,
26,0:00,2:30,3,K3,,,,,,,
26,0:00,2:30,4,K6,,,,,,,
26,0:00,2:30,5,,,,,,,,
26,0:00,2:30,6,,,,,,,,
26,0:00,2:30,7,,,,,,,,
26,0:00,2:30,8,,,,,,,,
26,2:00,4:30,1,,,,,,,,
26,2:00,4:30,2,,,,,,,,
26,2:00,4:30,3,K3,,,,,,,
26,2:00,4:30,4,K6,,,,,,,
26,2:00,4:30,5,K1,,,,,,,
26,2:00,4:30,6,,,,,,,,
26,2:00,4:30,7,,,,,,,,
26,2:00,4:30,8,"K2, K4, K5",,,,,,,
26,4:00,6:30,1,,,,,,,,
26,4:00,6:30,2,,,,,,,,
26,4:00,6:30,3,,,,,,,,
26,4:00,6:30,4,,,,,,,,
26,4:00,6:30,5,K1,,,,,,,
26,4:00,6:30,6,,,,,,,,
26,4:00,6:30,7,,,,,,,,
26,4:00,6:30,8,"K2, K4, K5",,,,,,,
26,6:00,8:30,1,,,,,,,,
26,6:00,8:30,2,,,,,,,,
26,6:00,8:30,3,,,,,,,,
26,6:00,8:30,4,,,,,,,,
26,6:00,8:30,5,,,,,,,,
26,6:00,8:30,6,,,,,,,,
26,6:00,8:30,7,"K7, P1",,,,,,,
26,6:00,8:30,8,,,,,,,,
26,8:00,10:30,1,K1,,,,,,,
26,8:00,10:30,2,,,,,,,,
26,8:00,10:30,3,,,,,,,,
26,8:00,10:30,4,"K2, K4, K5",,,,,,,
26,8:00,10:30,5,,,,,,,,
26,8:00,10:30,6,,,,,,,,
26,8:00,10:30,7,"K7, P1",,,,,,,
26,8:00,10:30,8,,,,,,,,
26,10:00,12:30,1,K1,,,,,,,
26,10:00,12:30,2,,,,,,,,
26,10:00,12:30,3,,,,,,,,
26,10:00,12:30,4,"K2, K4, K5",,,,,,,
26,10:00,12:30,5,,,,,,,,
26,10:00,12:30,6,K3,,,,,,,
26,10:00,12:30,7,K6,,,,,,,
26,10:00,12:30,8,,,,,,,,
26,12:00,14:30,1,,,,,,,,
26,12:00,14:30,2,,,,,,,,
26,12:00,14:30,3,"K7, P1",,,,,,,
26,12:00,14:30,4,,,,,,,,
26,12:00,14:30,5,,,,,,,,
26,12:00,14:30,6,K3,,,,,,,
26,12:00,14:30,7,K6,,,,,,,
26,12:00,14:30,8,,,,,,,,
26,14:00,16:30,1,,,,,,,,
26,14:00,16:30,2,,,,,,,,
26,14:00,16:30,3,"K7, P1",,,,,,,
26,14:00,16:30,4,,,,,,,,
26,14:00,16:30,5,,,,,,,,
26,14:00,16:30,6,,,,,,,,
26,14:00,16:30,7,,,,,,,,
26,14:00,16:30,8,,,,,,,,
26,16:00,18:30,1,,,,,,,,
26,16:00,18:30,2,K3,,,,,,,
26,16:00,18:30,3,K6,,,,,,,
26,16:00,18:30,4,,,,,,,,
26,16:00,18:30,5,,,,,,,,
26,16:00,18:30,6,,,,,,,,
26,16:00,18:30,7,,,,,,,,
26,16:00,18:30,8,,,,,,,,
26,18:00,20:30,1,,,,,,,,
26,18:00,20:30,2,K3,,,,,,,
26,18:00,20:30,3,K6,,,,,,,
26,18:00,20:30,4,,,,,,,,
26,18:00,20:30,5,,,,,,,,
26,18:00,20:30,6,,,,,,,,
26,18:00,20:30,7,"K2, K4, K5",,,,,,,
26,18:00,20:30,8,K1,,,,,,,
26,20:00,22:30,1,,,,,,,,
26,20:00,22:30,2,,,,,,,,
26,20:00,22:30,3,,,,,,,,
26,20:00,22:30,4,,,,,,,,
26,20:00,22:30,5,,,,,,,,
26,20:00,22:30,6,,,,,,,,
26,20:00,22:30,7,"K2, K4, K5",,,,,,,
26,20:00,22:30,8,K1,,,,,,,
26,22:00,0:30,1,,,,,,,,
26,22:00,0:30,2,,,,,,,,
26,22:00,0:30,3,,,,,,,,
26,22:00,0:30,4,,,,,,,,
26,22:00,0:30,5,,,,,,,,
26,22:00,0:30,6,"K7, P1",,,,,,,
26,22:00,0:30,7,,,,,,,,
26,22:00,0:30,8,,,,,,,,
27,0:00,2:30,1,,,,,,,,
27,0:00,2:30,2,,,,,,,,
27,0:00,2:30,3,"K2, K4, K5",,,,,,,
27,0:00,2:30,4,K1,,,,,,,
27,0:00,2:30,5,,,,,,,,
27,0:00,2:30,6,"K7, P1",,,,,,,
27,0:00,2:30,7,,,,,,,,
27,0:00,2:30,8,,,,,,,,
27,2:00,4:30,1,,,,,,,,
27,2:00,4:30,2,,,,,,,,
27,2:00,4:30,3,"K2, K4, K5",,,,,,,
27,2:00,4:30,4,K1,,,,,,,
27,2:00,4:30,5,K3,,,,,,,
27,2:00,4:30,6,K6,,,,,,,
27,2:00,4:30,7,,,,,,,,
27,2:00,4:30,8,,,,,,,,
27,4:00,6:30,1,,,,,,,,
27,4:00,6:30,2,"K7, P1",,,,,,,
27,4:00,6:30,3,,,,,,,,
27,4:00,6:30,4,,,,,,,,
27,4:00,6:30,5,K3,,,,,,,
27,4:00,6:30,6,K6,,,,,,,
27,4:00,6:30,7,,,,,,,,
27,4:00,6:30,8,,,,,,,,
27,6:00,8:30,1,,,,,,,,
27,6:00,8:30,2,"K7, P1",,,,,,,
27,6:00,8:30,3,,,,,,,,
27,6:00,8:30,4,,,,,,,,
27,6:00,8:30,5,,,,,,,,
27,6:00,8:30,6,,,,,,,,
27,6:00,8:30,7,,,,,,,,
27,6:00,8:30,8,,,,,,,,
27,8:00,10:30,1,K3,,,,,,,
27,8:00,10:30,2,K6,,,,,,,
27,8:00,10:30,3,,,,,,,,
27,8:00,10:30,4,,,,,,,,
27,8:00,10:30,5,,,,,,,,
27,8:00,10:30,6,,,,,,,,
27,8:00,10:30,7,,,,,,,,
27,8:00,10:30,8,,,,,,,,
27,10:00,12:30,1,K3,,,,,,,
27,10:00,12:30,2,K6,,,,,,,
27,10:00,12:30,3,,,,,,,,
27,10:00,12:30,4,,,,,,,,
27,10:00,12:30,5,,,,,,,,
27,10:00,12:30,6,"K2, K4, K5",,,,,,,
27,10:00,12:30,7,K1,,,,,,,
27,10:00,12:30,8,,,,,,,,
27,12:00,14:30,1,,,,,,,,
27,12:00,14:30,2,,,,,,,,
27,12:00,14:30,3,,,,,,,,
27,12:00,14:30,4,,,,,,,,
27,12:00,14:30,5,,,,,,,,
27,12:00,14:30,6,"K2, K4, K5",,,,,,,
27,12:00,14:30,7,K1,,,,,,,
27,12:00,14:30,8,,,,,,,,
27,14:00,16:30,1,,,,,,,,
27,14:00,16:30,2,,,,,,,,
27,14:00,16:30,3,,,,,,,,
27,14:00,16:30,4,,,,,,,,
27,14:00,16:30,5,"K7, P1",,,,,,,
27,14:00,16:30,6,,,,,,,,
27,14:00,16:30,7,,,,,,,,
27,14:00,16:30,8,,,,,,,,
27,16:00,18:30,1,,,,,,,,
27,16:00,18:30,2,"K2, K4, K5",,,,,,,
27,16:00,18:30,3,K1,,,,,,,
27,16:00,18:30,4,,,,,,,,
27,16:00,18:30,5,"K7, P1",,,,,,,
27,16:00,18:30,6,,,,,,,,
27,16:00,18:30,7,,,,,,,,
27,16:00,18:30,8,,,,,,,,
27,18:00,20:30,1,,,,,,,,
27,18:00,20:30,2,"K2, K4, K5",,,,,,,
27,18:00,20:30,3,K1,,,,,,,
27,18:00,20:30,4,,,,,,,,
27,18:00,20:30,5,K6,,,,,,,
27,18:00,20:30,6,,,,,,,,
27,18:00,20:30,7,,,,,,,,
27,18:00,20:30,8,K3,,,,,,,
27,20:00,22:30,1,"K7, P1",,,,,,,
27,20:00,22:30,2,,,,,,,,
27,20:00,22:30,3,,,,,,,,
27,20:00,22:30,4,,,,,,,,
27,20:00,22:30,5,K6,,,,,,,
27,20:00,22:30,6,,,,,,,,
27,20:00,22:30,7,,,,,,,,
27,20:00,22:30,8,K3,,,,,,,
27,22:00,0:30,1,"K7, P1",,,,,,,
27,22:00,0:30,2,,,,,,,,
27,22:00,0:30,3,,,,,,,,
27,22:00,0:30,4,,,,,,,,
27,22:00,0:30,5,,,,,,,,
27,22:00,0:30,6,,,,,,,,
27,22:00,0:30,7,,,,,,,,
27,22:00,0:30,8,,,,,,,,
28,0:00,2:30,1,K6,,,,,,,
28,0:00,2:30,2,,,,,,,,
28,0:00,2:30,3,,,,,,,,
28,0:00,2:30,4,K3,,,,,,,
28,0:00,2:30,5,,,,,,,,
28,0:00,2:30,6,,,,,,,,
28,0:00,2:30,7,,,,,,,,
28,0:00,2:30,8,,,,,,,,
28,2:00,4:30,1,K6,,,,,,,
28,2:00,4:30,2,,,,,,,,
28,2:00,4:30,3,,,,,,,,
28,2:00,4:30,4,K3,,,,,,,
28,2:00,4:30,5,"K2, K4, K5",,,,,,,
28,2:00,4:30,6,K1,,,,,,,
28,2:00,4:30,7,,,,,,,,
28,2:00,4:30,8,,,,,,,,
28,4:00,6:30,1,,,,,,,,
28,4:00,6:30,2,,,,,,,,
28,4:00,6:30,3,,,,,,,,
28,4:00,6:30,4,,,,,,,,
28,4:00,6:30,5,"K2, K4, K5",,,,,,,
28,4:00,6:30,6,K1,,,,,,,
28,4:00,6:30,7,,,,,,,,
28,4:00,6:30,8,,,,,,,,
28,6:00,8:30,1,,,,,,,,
28,6:00,8:30,2,,,,,,,,
28,6:00,8:30,3,,,,,,,,
28,6:00,8:30,4,,,,,,,,
28,6:00,8:30,5,,,,,,,,
28,6:00,8:30,6,,,,,,,,
28,6:00,8:30,7,,,,,,,,
28,6:00,8:30,8,"K7, P1",,,,,,,
28,8:00,10:30,1,"K2, K4, K5",,,,,,,
28,8:00,10:30,2,K1,,,,,,,
28,8:00,10:30,3,,,,,,,,
28,8:00,10:30,4,,,,,,,,
28,8:00,10:30,5,,,,,,,,
28,8:00,10:30,6,,,,,,,,
28,8:00,10:30,7,,,,,,,,
28,8:00,10:30,8,"K7, P1",,,,,,,
28,10:00,12:30,1,"K2, K4, K5",,,,,,,
28,10:00,12:30,2,K1,,,,,,,
28,10:00,12:30,3,,,,,,,,
28,10:00,12:30,4,,,,,,,,
28,10:00,12:30,5,,,,,,,,
28,10:00,12:30,6,,,,,,,,
28,10:00,12:30,7,K3,,,,,,,
28,10:00,12:30,8,K6,,,,,,,
28,12:00,14:30,1,,,,,,,,
28,12:00,14:30,2,,,,,,,,
28,12:00,14:30,3,,,,,,,,
28,12:00,14:30,4,"K7, P1",,,,,,,
28,12:00,14:30,5,,,,,,,,
28,12:00,14:30,6,,,,,,,,
28,12:00,14:30,7,K3,,,,,,,
28,12:00,14:30,8,K6,,,,,,,
28,14:00,16:30,1,,,,,,,,
28,14:00,16:30,2,,,,,,,,
28,14:00,16:30,3,,,,,,,,
28,14:00,16:30,4,"K7, P1",,,,,,,
28,14:00,16:30,5,,,,,,,,
28,14:00,16:30,6,,,,,,,,
28,14:00,16:30,7,,,,,,,,
28,14:00,16:30,8,,,,,,,,
28,16:00,18:30,1,,,,,,,,
28,16:00,18:30,2,,,,,,,,
28,16:00,18:30,3,K3,,,,,,,
28,16:00,18:30,4,K6,,,,,,,
28,16:00,18:30,5,,,,,,,,
28,16:00,18:30,6,,,,,,,,
28,16:00,18:30,7,,,,,,,,
28,16:00,18:30,8,,,,,,,,
28,18:00,20:30,1,,,,,,,,
28,18:00,20:30,2,,,,,,,,
28,18:00,20:30,3,K3,,,,,,,
28,18:00,20:30,4,K6,,,,,,,
28,18:00,20:30,5,K1,,,,,,,
28,18:00,20:30,6,,,,,,,,
28,18:00,20:30,7,,,,,,,,
28,18:00,20:30,8,"K2, K4, K5",,,,,,,
28,20:00,22:30,1,,,,,,,,
28,20:00,22:30,2,,,,,,,,
28,20:00,22:30,3,,,,,,,,
28,20:00,22:30,4,,,,,,,,
28,20:00,22:30,5,K1,,,,,,,
28,20:00,22:30,6,,,,,,,,
28,20:00,22:30,7,,,,,,,,
28,20:00,22:30,8,"K2, K4, K5",,,,,,,
28,22:00,0:30,1,,,,,,,,
28,22:00,0:30,2,,,,,,,,
28,22:00,0:30,3,,,,,,,,
28,22:00,0:30,4,,,,,,,,
28,22:00,0:30,5,,,,,,,,
28,22:00,0:30,6,,,,,,,,
28,22:00,0:30,7,"K7, P1",,,,,,,
28,22:00,0:30,8,,,,,,,,
29,0:00,2:30,1,K1,,,,,,,
29,0:00,2:30,2,,,,,,,,
29,0:00,2:30,3,,,,,,,,
29,0:00,2:30,4,"K2, K4, K5",,,,,,,
29,0:00,2:30,5,,,,,,,,
29,0:00,2:30,6,,,,,,,,
29,0:00,2:30,7,"K7, P1",,,,,,,
29,0:00,2:30,8,,,,,,,,
29,2:00,4:30,1,K1,,,,,,,
29,2:00,4:30,2,,,,,,,,
29,2:00,4:30,3,,,,,,,,
29,2:00,4:30,4,"K2, K4, K5",,,,,,,
29,2:00,4:30,5,,,,,,,,
29,2:00,4:30,6,K3,,,,,,,
29,2:00,4:30,7,K6,,,,,,,
29,2:00,4:30,8,,,,,,,,
29,4:00,6:30,1,,,,,,,,
29,4:00,6:30,2,,,,,,,,
29,4:00,6:30,3,"K7, P1",,,,,,,
29,4:00,6:30,4,,,,,,,,
29,4:00,6:30,5,,,,,,,,
29,4:00,6:30,6,K3,,,,,,,
29,4:00,6:30,7,K6,,,,,,,
29,4:00,6:30,8,,,,,,,,
29,6:00,8:30,1,,,,,,,,
29,6:00,8:30,2,,,,,,,,
29,6:00,8:30,3,"K7, P1",,,,,,,
29,6:00,8:30,4,,,,,,,,
29,6:00,8:30,5,,,,,,,,
29,6:00,8:30,6,,,,,,,,
29,6:00,8:30,7,,,,,,,,
29,6:00,8:30,8,,,,,,,,
29,8:00,10:30,1,,,,,,,,
29,8:00,10:30,2,K3,,,,,,,
29,8:00,10:30,3,K6,,,,,,,
29,8:00,10:30,4,,,,,,,,
29,8:00,10:30,5,,,,,,,,
29,8:00,10:30,6,,,,,,,,
29,8:00,10:30,7,,,,,,,,
29,8:00,10:30,8,,,,,,,,
29,10:00,12:30,1,,,,,,,,
29,10:00,12:30,2,K3,,,,,,,
29,10:00,12:30,3,K6,,,,,,,
29,10:00,12:30,4,,,,,,,,
29,10:00,12:30,5,,,,,,,,
29,10:00,12:30,6,,,,,,,,
29,10:00,12:30,7,"K2, K4, K5",,,,,,,
29,10:00,12:30,8,K1,,,,,,,
29,12:00,14:30,1,,,,,,,,
29,12:00,14:30,2,,,,,,,,
29,12:00,14:30,3,,,,,,,,
29,12:00,14:30,4,,,,,,,,
29,12:00,14:30,5,,,,,,,,
29,12:00,14:30,6,,,,,,,,
29,12:00,14:30,7,"K2, K4, K5",,,,,,,
29,12:00,14:30,8,K1,,,,,,,
29,14:00,16:30,1,,,,,,,,
29,14:00,16:30,2,,,,,,,,
29,14:00,16:30,3,,,,,,,,
29,14:00,16:30,4,,,,,,,,
29,14:00,16:30,5,,,,,,,,
29,14:00,16:30,6,"K7, P1",,,,,,,
29,14:00,16:30,7,,,,,,,,
29,14:00,16:30,8,,,,,,,,
29,16:00,18:30,1,,,,,,,,
29,16:00,18:30,2,,,,,,,,
29,16:00,18:30,3,"K2, K4, K5",,,,,,,
29,16:00,18:30,4,K1,,,,,,,
29,16:00,18:30,5,,,,,,,,
29,16:00,18:30,6,"K7, P1",,,,,,,
29,16:00,18:30,7,,,,,,,,
29,16:00,18:30,8,,,,,,,,
29,18:00,20:30,1,,,,,,,,
29,18:00,20:30,2,,,,,,,,
29,18:00,20:30,3,"K2, K4, K5",,,,,,,
29,18:00,20:30,4,K1,,,,,,,
29,18:00,20:30,5,K3,,,,,,,
29,18:00,20:30,6,K6,,,,,,,
29,18:00,20:30,7,,,,,,,,
29,18:00,20:30,8,,,,,,,,
29,20:00,22:30,1,,,,,,,,
29,20:00,22:30,2,"K7, P1",,,,,,,
29,20:00,22:30,3,,,,,,,,
29,20:00,22:30,4,,,,,,,,
29,20:00,22:30,5,K3,,,,,,,
29,20:00,22:30,6,K6,,,,,,,
29,20:00,22:30,7,,,,,,,,
29,20:00,22:30,8,,,,,,,,
29,22:00,0:30,1,,,,,,,,
29,22:00,0:30,2,"K7, P1",,,,,,,
29,22:00,0:30,3,,,,,,,,
29,22:00,0:30,4,,,,,,,,
29,22:00,0:30,5,,,,,,,,
29,22:00,0:30,6,,,,,,,,
29,22:00,0:30,7,,,,,,,,
29,22:00,0:30,8,,,,,,,,
30,0:00,2:30,1,K3,,,,,,,
30,0:00,2:30,2,K6,,,,,,,
30,0:00,2:30,3,,,,,,,,
30,0:00,2:30,4,,,,,,,,
30,0:00,2:30,5,,,,,,,,
30,0:00,2:30,6,,,,,,,,
30,0:00,2:30,7,,,,,,,,
30,0:00,2:30,8,,,,,,,,
30,2:00,4:30,1,K3,,,,,,,
30,2:00,4:30,2,K6,,,,,,,
30,2:00,4:30,3,,,,,,,,
30,2:00,4:30,4,,,,,,,,
30,2:00,4:30,5,,,,,,,,
30,2:00,4:30,6,"K2, K4, K5",,,,,,,
30,2:00,4:30,7,K1,,,,,,,
30,2:00,4:30,8,,,,,,,,
30,4:00,6:30,1,,,,,,,,
30,4:00,6:30,2,,,,,,,,
30,4:00,6:30,3,,,,,,,,
30,4:00,6:30,4,,,,,,,,
30,4:00,6:30,5,,,,,,,,
30,4:00,6:30,6,"K2, K4, K5",,,,,,,
30,4:00,6:30,7,K1,,,,,,,
30,4:00,6:30,8,,,,,,,,
30,6:00,8:30,1,,,,,,,,
30,6:00,8:30,2,,,,,,,,
30,6:00,8:30,3,,,,,,,,
30,6:00,8:30,4,,,,,,,,
30,6:00,8:30,5,"K7, P1",,,,,,,
30,6:00,8:30,6,,,,,,,,
30,6:00,8:30,7,,,,,,,,
30,6:00,8:30,8,,,,,,,,
30,8:00,10:30,1,,,,,,,,
30,8:00,10:30,2,"K2, K4, K5",,,,,,,
30,8:00,10:30,3,K1,,,,,,,
30,8:00,10:30,4,,,,,,,,
30,8:00,10:30,5,"K7, P1",,,,,,,
30,8:00,10:30,6,,,,,,,,
30,8:00,10:30,7,,,,,,,,
30,8:00,10:30,8,,,,,,,,
30,10:00,12:30,1,,,,,,,,
30,10:00,12:30,2,"K2, K4, K5",,,,,,,
30,10:00,12:30,3,K1,,,,,,,
30,10:00,12:30,4,,,,,,,,
30,10:00,12:30,5,K6,,,,,,,
30,10:00,12:30,6,,,,,,,,
30,10:00,12:30,7,,,,,,,,
30,10:00,12:30,8,K3,,,,,,,
30,12:00,14:30,1,"K7, P1",,,,,,,
30,12:00,14:30,2,,,,,,,,
30,12:00,14:30,3,,,,,,,,
30,12:00,14:30,4,,,,,,,,
30,12:00,14:30,5,K6,,,,,,,
30,12:00,14:30,6,,,,,,,,
30,12:00,14:30,7,,,,,,,,
30,12:00,14:30,8,K3,,,,,,,
30,14:00,16:30,1,"K7, P1",,,,,,,
30,14:00,16:30,2,,,,,,,,
30,14:00,16:30,3,,,,,,,,
30,14:00,16:30,4,,,,,,,,
30,14:00,16:30,5,,,,,,,,
30,14:00,16:30,6,,,,,,,,
30,14:00,16:30,7,,,,,,,,
30,14:00,16:30,8,,,,,,,,
30,16:00,18:30,1,K6,,,,,,,
30,16:00,18:30,2,,,,,,,,
30,16:00,18:30,3,,,,,,,,
30,16:00,18:30,4,K3,,,,,,,
30,16:00,18:30,5,,,,,,,,
30,16:00,18:30,6,,,,,,,,
30,16:00,18:30,7,,,,,,,,
30,16:00,18:30,8,,,,,,,,
30,18:00,20:30,1,K6,,,,,,,
30,18:00,20:30,2,,,,,,,,
30,18:00,20:30,3,,,,,,,,
30,18:00,20:30,4,K3,,,,,,,
30,18:00,20:30,5,"K2, K4, K5",,,,,,,
30,18:00,20:30,6,K1,,,,,,,
30,18:00,20:30,7,,,,,,,,
30,18:00,20:30,8,,,,,,,,
30,20:00,22:30,1,,,,,,,,
30,20:00,22:30,2,,,,,,,,
30,20:00,22:30,3,,,,,,,,
30,20:00,22:30,4,,,,,,,,
30,20:00,22:30,5,"K2, K4, K5",,,,,,,
30,20:00,22:30,6,K1,,,,,,,
30,20:00,22:30,7,,,,,,,,
30,20:00,22:30,8,,,,,,,,
30,22:00,0:30,1,,,,,,,,
30,22:00,0:30,2,,,,,,,,
30,22:00,0:30,3,,,,,,,,
30,22:00,0:30,4,,,,,,,,
30,22:00,0:30,5,,,,,,,,
30,22:00,0:30,6,,,,,,,,
30,22:00,0:30,7,,,,,,,,
30,22:00,0:30,8,"K7, P1",,,,,,,
31,0:00,2:30,1,"K2, K4, K5",,,,,,,
31,0:00,2:30,2,K1,,,,,,,
31,0:00,2:30,3,,,,,,,,
31,0:00,2:30,4,,,,,,,,
31,0:00,2:30,5,,,,,,,,
31,0:00,2:30,6,,,,,,,,
31,0:00,2:30,7,,,,,,,,
31,0:00,2:30,8,"K7, P1",,,,,,,
31,2:00,4:30,1,"K2, K4, K5",,,,,,,
31,2:00,4:30,2,K1,,,,,,,
31,2:00,4:30,3,,,,,,,,
31,2:00,4:30,4,,,,,,,,
31,2:00,4:30,5,,,,,,,,
31,2:00,4:30,6,,,,,,,,
31,2:00,4:30,7,K3,,,,,,,
31,2:00,4:30,8,K6,,,,,,,
31,4:00,6:30,1,,,,,,,,
31,4:00,6:30,2,,,,,,,,
31,4:00,6:30,3,,,,,,,,
31,4:00,6:30,4,"K7, P1",,,,,,,
31,4:00,6:30,5,,,,,,,,
31,4:00,6:30,6,,,,,,,,
31,4:00,6:30,7,K3,,,,,,,
31,4:00,6:30,8,K6,,,,,,,
31,6:00,8:30,1,,,,,,,,
31,6:00,8:30,2,,,,,,,,
31,6:00,8:30,3,,,,,,,,
31,6:00,8:30,4,"K7, P1",,,,,,,
31,6:00,8:30,5,,,,,,,,
31,6:00,8:30,6,,,,,,,,
31,6:00,8:30,7,,,,,,,,
31,6:00,8:30,8,,,,,,,,
31,8:00,10:30,1,,,,,,,,
31,8:00,10:30,2,,,,,,,,
31,8:00,10:30,3,K3,,,,,,,
31,8:00,10:30,4,K6,,,,,,,
31,8:00,10:30,5,,,,,,,,
31,8:00,10:30,6,,,,,,,,
31,8:00,10:30,7,,,,,,,,
31,8:00,10:30,8,,,,,,,,
31,10:00,12:30,1,,,,,,,,
31,10:00,12:30,2,,,,,,,,
31,10:00,12:30,3,K3,,,,,,,
31,10:00,12:30,4,K6,,,,,,,
31,10:00,12:30,5,K1,,,,,,,
31,10:00,12:30,6,,,,,,,,
31,10:00,12:30,7,,,,,,,,
31,10:00,12:30,8,"K2, K4, K5",,,,,,,
31,12:00,14:30,1,,,,,,,,
31,12:00,14:30,2,,,,,,,,
31,12:00,14:30,3,,,,,,,,
31,12:00,14:30,4,,,,,,,,
31,12:00,14:30,5,K1,,,,,,,
31,12:00,14:30,6,,,,,,,,
31,12:00,14:30,7,,,,,,,,
31,12:00,14:30,8,"K2, K4, K5",,,,,,,
31,14:00,16:30,1,,,,,,,,
31,14:00,16:30,2,,,,,,,,
31,14:00,16:30,3,,,,,,,,
31,14:00,16:30,4,,,,,,,,
31,14:00,16:30,5,,,,,,,,
31,14:00,16:30,6,,,,,,,,
31,14:00,16:30,7,"K7, P1",,,,,,,
31,14:00,16:30,8,,,,,,,,
31,16:00,18:30,1,K1,,,,,,,
31,16:00,18:30,2,,,,,,,,
31,16:00,18:30,3,,,,,,,,
31,16:00,18:30,4,"K2, K4, K5",,,,,,,
31,16:00,18:30,5,,,,,,,,
31,16:00,18:30,6,,,,,,,,
31,16:00,18:30,7,"K7, P1",,,,,,,
31,16:00,18:30,8,,,,,,,,
31,18:00,20:30,1,K1,,,,,,,
31,18:00,20:30,2,,,,,,,,
31,18:00,20:30,3,,,,,,,,
31,18:00,20:30,4,"K2, K4, K5",,,,,,,
31,18:00,20:30,5,,,,,,,,
31,18:00,20:30,6,,,,,,,,
31,18:00,20:30,7,K3,,,,,,,
31,18:00,20:30,8,K6,,,,,,,
31,20:00,22:30,1,,,,,,,,
31,20:00,22:30,2,,,,,,,,
31,20:00,22:30,3,"K7, P1",,,,,,,
31,20:00,22:30,4,,,,,,,,
31,20:00,22:30,5,,,,,,,,
31,20:00,22:30,6,,,,,,,,
31,20:00,22:30,7,K3,,,,,,,
31,20:00,22:30,8,K6,,,,,,,
31,22:00,0:30,1,,,,,,,,
31,22:00,0:30,2,,,,,,,,
31,22:00,0:30,3,"K7, P1",,,,,,,
31,22:00,0:30,4,,,,,,,,
31,22:00,0:30,5,,,,,,,,
31,22:00,0:30,6,,,,,,,,
31,22:00,0:30,7,,,,,,,,
31,22:00,0:30,8,,,,,,,,
